Temp_Matriz_C;Presion_Inyeccion_Bar;Tiempo_Ciclo_s;Vibracion_RMS;Defectos_Lote
202.5;169.7;10.76;4.21;29.11
237.0;165.9;11.31;5.66;63.94
223.9;154.4;13.98;2.13;18.82
215.9;177.4;10.38;2.15;14.49
189.4;132.0;14.09;4.28;39.75
189.4;126.6;8.62;6.23;58.02
183.5;171.2;13.44;3.57;21.41
232.0;146.3;13.93;3.13;26.1
216.1;170.8;9.27;4.53;48.36
222.5;173.6;11.01;6.15;76.4
181.2;123.7;9.16;5.68;49.76
238.2;173.0;12.95;6.48;86.44
229.9;146.9;11.75;1.61;15.61
192.7;150.6;12.45;2.06;11.53
190.9;157.6;9.38;4.55;32.68
191.0;175.6;9.48;5.6;51.84
198.3;121.1;8.29;2.93;12.68
211.5;148.6;10.25;2.7;15.27
205.9;161.3;11.92;5.43;47.01
197.5;163.4;14.01;1.78;10.32
216.7;161.6;12.67;3.35;45.07
188.4;128.1;11.05;4.03;39.22
197.5;138.0;14.67;4.3;24.26
202.0;141.5;13.03;5.14;60.69
207.4;168.3;14.51;3.27;19.46
227.1;136.7;11.69;4.56;46.34
192.0;132.6;9.81;4.43;27.32
210.9;177.4;8.37;4.24;37.37
215.5;120.5;13.08;4.7;38.31
182.8;179.9;8.85;2.8;13.7
216.5;160.6;10.12;1.92;19.46
190.2;169.7;11.73;2.1;31.22
183.9;137.7;11.95;2.62;8.74
236.9;120.9;12.2;4.0;59.74
237.9;164.3;9.16;5.7;67.9
228.5;170.0;10.66;5.01;60.91
198.3;164.4;12.32;5.45;44.55
185.9;128.6;14.79;3.25;134.51
221.1;165.2;13.09;3.52;56.31
206.4;166.1;14.46;3.47;21.08
187.3;159.5;13.34;2.46;6.8
209.7;166.0;12.14;1.81;12.95
182.1;170.8;9.34;4.45;30.57
234.6;156.8;12.67;6.45;81.03
195.5;125.3;12.36;2.33;9.88
219.8;149.3;12.22;1.73;10.03
198.7;124.7;11.43;5.4;58.04
211.2;144.5;11.7;2.76;24.03
212.8;144.4;10.34;5.65;64.86
191.1;124.0;11.64;5.02;36.35
238.2;140.9;9.38;6.23;72.91
226.5;126.7;13.64;3.54;37.9
236.4;168.5;9.3;4.81;53.0
233.7;176.9;8.59;3.82;38.15
215.9;124.3;11.05;4.65;59.05
235.3;177.3;12.61;3.75;113.2
185.3;151.4;11.06;2.44;9.82
191.8;138.0;9.94;4.04;106.66
182.7;124.6;11.91;4.14;24.1
199.5;150.0;10.43;5.55;47.82
203.3;167.7;14.53;5.18;41.72
196.3;162.4;14.46;4.82;71.86
229.7;123.0;11.52;2.07;14.34
201.4;124.4;10.3;5.1;46.65
196.9;144.2;13.16;4.0;22.71
212.6;137.7;8.26;5.97;58.08
188.5;133.9;11.32;6.1;67.46
228.1;136.9;10.35;1.78;14.7
184.5;168.2;14.44;5.6;46.6
239.2;175.8;8.08;1.69;41.5
226.3;144.3;11.87;3.34;60.38
191.9;174.4;13.18;4.21;34.89
180.3;139.3;11.4;2.24;5.01
228.9;148.6;8.6;5.23;53.13
222.4;133.6;14.81;1.54;10.25
223.7;158.4;11.63;2.34;21.2
226.3;178.7;12.3;4.4;40.28
184.4;156.2;9.66;5.07;47.3
201.5;141.5;11.38;6.08;58.05
187.0;158.9;11.0;5.03;36.79
231.8;127.4;8.52;4.86;46.12
217.4;173.3;8.74;3.47;27.59
199.9;150.2;13.86;1.51;4.44
183.8;147.0;9.68;2.1;61.03
198.7;155.2;9.36;4.17;31.44
199.5;157.5;11.53;4.88;36.48
223.8;124.3;13.38;3.59;27.25
218.3;161.0;8.43;5.15;48.99
233.2;134.5;12.04;4.11;40.34
208.3;162.8;8.83;1.87;17.06
187.2;169.4;8.26;2.46;30.51
222.8;168.2;8.37;5.7;61.73
225.6;153.2;13.84;5.12;85.01
213.7;151.2;8.83;5.97;70.87
226.3;128.6;8.32;2.09;15.09
209.6;166.5;11.07;6.45;157.29
211.4;136.3;13.91;2.55;14.75
205.7;149.8;9.84;1.56;5.95
181.5;137.1;10.95;6.49;98.99
186.5;128.0;8.28;2.91;84.47
181.9;157.8;11.14;4.84;36.52
218.2;123.3;12.04;2.38;11.68
198.9;164.9;12.0;4.4;31.89
210.5;139.1;10.33;6.02;65.46
234.5;120.0;10.21;3.1;46.72
195.0;150.7;8.75;4.85;42.93
204.6;122.8;10.57;2.44;10.82
225.3;136.6;8.7;4.62;71.06
193.7;162.4;13.37;3.18;15.77
184.6;123.8;14.76;2.56;18.49
197.4;170.4;14.79;3.07;15.41
189.7;120.2;14.06;2.39;8.4
235.8;134.8;12.21;6.01;67.91
228.5;164.5;12.91;3.49;31.03
218.0;139.0;10.0;2.73;17.16
232.3;126.1;12.42;3.74;54.04
228.2;141.6;11.19;3.1;23.74
191.2;136.2;11.37;5.22;38.56
233.6;170.6;13.3;6.36;153.3
212.4;138.8;9.97;3.69;36.95
228.4;167.3;10.23;5.81;62.0
233.8;173.5;14.47;4.33;42.11
199.1;146.0;8.39;2.29;8.29
186.6;174.6;11.4;4.95;37.58
193.7;142.6;14.39;4.07;20.85
205.6;177.8;12.27;4.75;39.52
229.1;125.4;11.82;5.95;60.34
231.6;161.2;9.75;3.7;36.77
180.4;149.6;10.4;6.01;52.16
210.6;143.3;13.96;5.25;45.2
205.0;158.0;11.91;3.94;26.08
193.3;162.2;11.6;4.52;61.5
187.2;120.3;8.7;3.13;38.19
200.3;130.0;8.11;6.42;71.57
236.6;162.8;14.75;4.84;50.03
199.4;160.0;10.64;1.72;70.23
211.1;178.0;12.22;3.13;19.58
222.2;165.7;8.56;4.62;41.56
201.8;177.0;12.78;1.78;9.38
238.3;162.2;14.53;1.62;115.5
237.7;137.9;12.03;3.75;35.99
195.1;126.3;8.88;3.16;14.87
209.8;166.9;12.07;3.69;23.93
198.1;158.6;13.36;2.81;24.41
197.1;122.9;10.84;2.32;18.3
182.2;141.6;14.16;4.95;42.64
216.6;177.4;12.54;4.07;32.33
210.2;150.0;14.29;2.5;10.93
183.1;146.0;12.36;3.1;11.33
196.7;147.5;8.92;4.46;33.27
234.5;132.5;10.17;1.86;16.87
194.4;142.1;9.41;2.24;6.61
188.7;142.2;14.36;1.87;2.4
209.4;123.1;13.32;5.56;45.96
239.1;166.1;12.73;5.26;58.74
194.5;145.0;10.11;5.27;46.79
220.3;169.3;9.29;5.08;50.89
225.7;171.0;13.3;4.85;46.29
194.3;132.7;11.32;3.88;23.64
223.7;159.4;9.58;4.71;42.75
202.1;148.3;12.32;1.69;7.29
217.9;172.8;8.28;4.61;44.34
218.0;132.9;10.28;5.39;47.29
212.1;160.7;11.28;4.0;42.4
185.4;156.5;9.04;3.29;16.37
230.1;137.7;14.89;2.89;23.19
199.2;128.2;9.46;4.71;50.31
191.2;159.1;8.91;4.96;50.35
182.4;164.3;9.42;5.85;54.66
215.5;138.9;13.38;3.21;18.89
220.7;158.7;10.98;5.35;63.31
181.0;143.7;11.96;4.31;33.35
210.7;162.8;8.15;5.91;58.71
193.6;132.0;8.24;4.14;24.7
218.7;173.4;11.12;4.09;32.49
190.5;137.2;13.72;4.39;28.5
221.5;142.1;14.2;5.25;47.92
203.2;123.5;8.61;6.32;76.97
236.2;126.7;11.77;1.87;21.5
188.3;151.0;14.39;1.77;25.49
200.5;136.1;10.72;6.19;56.94
186.8;170.1;13.81;4.15;42.47
235.5;120.9;8.94;4.57;43.9
232.6;142.7;14.55;3.91;42.47
195.5;140.2;13.26;1.97;2.78
219.6;121.2;14.59;5.34;48.17
229.0;127.5;12.74;5.24;47.69
213.3;144.8;10.54;3.06;19.01
211.8;149.6;14.57;3.03;20.93
194.5;144.3;9.93;5.69;48.58
185.6;151.9;10.33;1.86;4.07
233.8;155.7;12.91;5.91;75.73
234.0;120.6;13.36;2.78;22.44
218.0;147.8;14.51;4.46;34.24
200.3;177.8;9.43;6.18;63.96
201.0;151.1;13.59;4.89;207.69
223.6;160.7;13.17;3.57;44.84
233.8;138.7;8.45;4.95;67.84
233.2;166.4;10.71;3.22;35.39
226.8;166.4;9.98;2.89;27.35
218.5;151.3;10.13;6.48;68.63
185.0;178.6;14.88;5.25;41.15
189.7;127.5;12.5;4.72;30.06
233.9;121.0;13.02;3.28;24.43
216.4;166.2;14.84;1.75;8.98
180.6;168.4;10.64;1.66;3.8
186.1;127.2;13.61;4.27;24.6
219.8;135.9;11.04;5.31;57.63
180.3;121.1;14.09;4.19;36.82
189.6;137.6;9.26;5.7;52.58
212.9;166.4;14.63;1.67;7.69
221.5;151.1;9.53;3.33;23.81
219.1;140.9;10.28;2.69;15.65
193.5;142.3;13.29;3.74;17.92
222.7;120.1;10.76;1.86;9.83
194.2;138.0;12.26;6.27;58.28
199.5;158.8;11.11;2.62;11.22
224.8;178.5;13.2;6.11;70.82
219.0;170.8;9.6;3.63;29.98
231.0;121.4;8.41;6.43;74.26
219.5;173.9;10.1;4.27;53.84
214.1;167.0;11.32;6.15;62.23
185.6;166.8;9.18;1.53;9.97
202.1;147.5;10.48;5.24;44.4
195.9;143.9;10.8;6.02;54.54
194.6;138.2;8.4;2.2;18.47
238.4;123.9;12.08;1.98;29.69
203.6;133.7;14.19;3.62;17.55
233.5;134.8;9.06;6.17;70.87
217.9;149.0;12.18;4.21;35.66
227.7;164.8;12.65;4.14;37.41
210.2;148.4;10.94;2.21;17.2
214.6;123.5;12.91;1.5;8.34
209.6;177.5;10.88;5.55;102.77
191.7;176.6;11.53;1.94;6.54
223.3;167.1;8.05;4.67;45.55
196.8;179.5;12.84;6.07;57.12
181.5;152.7;12.63;2.54;14.88
218.7;177.8;8.27;4.83;44.38
190.6;124.5;10.58;1.89;6.69
236.4;141.9;14.85;4.52;42.61
237.2;133.5;10.95;2.32;21.43
234.9;131.7;11.51;5.18;51.11
202.2;128.4;14.37;3.01;11.33
180.9;157.3;13.02;3.82;35.97
235.7;166.9;12.07;4.5;47.7
205.7;154.7;13.58;2.36;16.82
238.0;128.8;14.05;5.21;91.69
237.8;168.7;11.2;3.01;34.53
231.2;158.2;11.33;4.81;47.42
197.7;143.3;10.7;2.29;13.11
203.1;160.4;14.77;4.94;37.41
231.1;135.6;12.88;2.14;16.59
199.0;140.7;8.58;3.63;19.66
190.2;175.0;14.04;2.74;23.55
213.4;137.4;11.36;5.24;44.72
236.2;148.2;8.48;2.81;30.56
221.8;173.4;11.85;5.91;61.21
214.2;162.5;10.92;5.96;64.29
185.8;123.7;14.14;2.48;3.77
216.9;128.8;9.43;4.57;36.98
239.4;120.5;13.79;1.94;28.82
188.4;157.9;11.9;3.46;26.99
211.1;146.9;8.38;5.07;45.05
232.6;128.1;14.8;4.8;42.01
224.4;177.5;11.59;4.62;337.56
221.8;151.8;10.04;2.91;65.18
222.1;134.5;11.29;3.39;31.75
201.6;150.0;14.01;2.01;5.49
197.6;160.8;10.13;5.1;42.3
228.6;124.6;9.35;4.02;33.28
228.6;136.5;8.9;5.04;69.27
232.0;168.4;10.09;2.74;29.55
234.8;147.6;13.46;3.12;26.69
210.7;152.8;11.3;3.17;19.06
210.1;146.0;9.59;1.63;24.15
227.9;122.6;9.16;3.21;59.17
219.0;129.9;10.33;5.52;81.95
222.1;146.7;14.58;5.99;68.35
227.7;132.6;10.4;4.09;34.83
233.4;123.0;14.92;3.78;28.53
200.3;170.6;11.4;1.65;10.71
202.5;178.9;9.25;5.9;59.25
185.6;167.6;14.24;1.57;5.57
214.7;171.2;11.22;6.22;67.23
182.2;134.5;12.97;3.95;18.8
207.9;177.6;14.89;3.21;25.34
212.6;131.8;8.35;6.12;67.08
197.2;177.1;8.68;1.62;16.03
215.4;179.7;13.04;4.41;48.6
181.8;162.7;9.97;4.24;34.54
182.2;178.9;9.29;2.6;13.18
229.4;154.2;8.28;3.64;34.37
201.6;135.6;8.15;4.76;37.63
187.6;146.2;13.42;5.14;39.67
211.3;155.6;8.94;1.5;22.23
226.2;124.4;11.27;6.18;71.56
192.9;157.3;12.24;2.32;81.43
217.4;178.9;11.0;2.67;108.94
185.1;131.4;8.19;2.82;12.82
183.1;167.6;13.48;1.69;2.35
211.9;174.5;8.07;2.12;34.43
212.4;176.6;13.33;6.43;67.78
218.2;177.6;14.25;3.08;21.14
223.6;151.3;11.03;2.08;15.4
238.6;178.6;11.75;2.03;25.04
211.0;165.4;11.34;5.1;50.96
199.4;129.7;10.72;5.77;47.79
227.7;148.6;14.21;2.78;19.43
196.2;163.1;14.26;1.6;7.92
206.3;134.8;10.35;2.62;18.49
184.7;158.4;12.31;1.78;11.26
181.5;160.0;14.49;2.02;3.89
237.8;129.8;14.73;3.66;31.12
230.2;153.9;11.56;2.65;22.27
221.8;166.3;11.17;4.08;37.49
204.5;149.9;9.95;2.77;43.34
190.4;120.7;14.71;6.2;51.12
189.4;120.5;9.0;6.03;52.92
195.0;141.4;12.06;4.33;25.87
213.0;175.6;9.98;3.27;22.34
222.9;133.7;9.95;3.41;37.15
219.6;158.1;10.83;3.56;32.75
196.8;133.3;14.99;5.14;41.36
237.3;139.3;8.38;3.76;48.55
224.3;170.9;12.05;5.78;60.66
213.3;163.7;8.58;6.22;65.39
216.7;125.7;9.08;3.18;106.04
205.2;145.7;11.08;4.3;30.28
194.9;121.8;11.57;1.98;11.35
201.4;148.9;9.81;2.5;13.01
225.5;159.7;10.22;3.57;28.5
180.9;127.1;8.61;2.53;6.17
187.0;137.3;10.12;5.88;50.22
182.8;143.9;14.77;2.29;19.1
182.4;175.2;14.61;3.78;30.49
231.3;179.6;10.34;4.53;57.8
222.2;122.7;12.0;4.96;40.83
208.5;165.7;14.37;3.42;56.41
185.9;142.3;8.04;5.85;50.42
209.5;143.5;13.67;4.34;32.71
208.4;165.3;14.64;3.7;25.02
190.4;175.1;8.64;1.84;9.35
206.0;177.1;9.13;3.82;51.18
203.9;154.6;14.73;5.6;47.21
217.0;141.4;11.76;4.57;34.89
218.1;167.3;8.1;5.66;59.42
182.7;135.1;9.8;3.97;22.11
202.5;153.8;11.15;2.09;533.31
217.6;141.5;12.85;1.57;15.62
210.2;159.4;13.13;3.02;17.37
231.4;134.4;14.97;4.99;45.19
219.5;131.5;10.01;5.45;48.73
189.8;175.1;11.77;2.98;14.13
184.2;126.1;11.73;3.98;22.52
218.5;150.4;10.84;3.61;52.79
181.6;133.3;9.18;3.55;33.54
215.1;122.3;14.84;2.66;14.26
236.4;122.2;13.97;2.18;18.33
214.5;130.5;11.49;2.48;15.49
203.3;172.0;12.22;1.78;8.06
218.6;136.9;9.59;2.49;57.36
207.5;177.0;11.81;1.55;9.66
212.7;154.9;12.86;4.64;37.58
236.5;146.2;11.61;3.08;27.14
203.2;154.8;14.93;6.37;61.96
237.7;151.0;12.28;2.47;34.37
234.3;165.5;10.6;3.23;30.32
191.7;136.9;13.41;3.29;12.99
184.2;141.2;9.19;1.54;12.08
186.0;173.6;10.69;5.7;49.23
181.1;176.8;10.43;1.66;20.83
185.7;173.6;11.02;6.2;59.18
221.0;145.2;13.47;5.96;59.32
184.3;166.8;11.39;4.18;25.87
199.1;148.6;13.56;4.22;30.45
230.7;149.9;12.04;4.77;176.86
181.4;132.3;10.39;3.44;24.46
228.9;155.5;13.67;4.74;43.21
196.9;131.2;9.67;1.72;20.41
187.1;139.9;9.57;1.77;4.22
221.8;171.3;11.53;3.79;55.7
217.7;132.4;9.83;4.25;41.65
232.6;124.3;8.06;5.94;63.2
224.1;124.1;12.54;2.02;10.75
228.2;176.4;11.58;5.61;72.43
196.9;150.4;11.12;2.55;12.84
190.6;144.6;14.77;3.47;14.42
225.0;168.7;12.0;3.08;24.55
228.4;170.1;14.04;3.5;28.28
239.4;139.9;8.98;2.25;25.68
204.8;161.6;11.98;4.02;116.92
202.3;166.3;14.08;5.51;56.7
226.6;159.3;12.08;3.71;118.09
200.4;129.1;13.03;3.95;32.4
235.8;172.6;10.6;5.74;80.54
231.5;152.3;8.65;5.03;114.27
205.7;136.9;11.21;3.95;28.68
225.1;145.5;10.76;2.79;21.49
225.3;122.3;14.07;5.92;71.72
186.2;127.7;9.71;4.39;54.34
234.2;165.9;14.77;2.61;23.67
210.3;120.0;14.71;2.85;10.51
229.6;145.0;9.73;5.52;59.65
199.2;151.4;10.44;1.72;15.76
233.7;123.3;14.27;6.46;81.23
203.4;178.4;14.77;2.15;8.52
180.7;133.6;11.1;5.48;99.26
234.3;138.3;10.25;3.47;30.83
185.5;138.2;11.68;3.96;21.9
199.2;133.8;12.81;5.9;49.94
237.0;120.1;9.91;3.56;220.45
237.0;163.8;13.16;4.19;45.14
214.4;178.0;8.36;1.75;13.04
217.9;133.5;8.35;1.51;19.92
206.9;159.8;10.7;2.72;23.9
197.6;164.5;10.47;4.9;39.32
199.7;170.9;10.21;2.11;20.3
220.4;145.4;11.44;2.07;12.34
225.1;138.2;10.25;3.55;27.42
227.5;139.5;9.35;4.74;42.41
227.4;162.8;10.17;5.06;49.28
185.5;169.0;14.82;2.39;56.19
209.7;130.9;10.88;1.9;44.4
183.5;142.3;11.11;6.2;58.09
213.0;174.1;12.04;2.8;56.84
206.5;168.4;14.88;5.77;53.4
233.3;179.1;9.69;5.82;68.32
201.1;165.3;12.77;5.36;47.11
187.0;143.6;13.01;2.34;7.1
188.6;155.4;12.25;5.61;47.38
225.7;159.7;8.62;5.35;71.42
217.1;124.7;12.74;4.48;35.29
186.1;152.7;8.45;3.19;24.12
185.0;162.6;12.17;2.81;25.76
222.1;130.0;13.18;2.11;15.88
184.4;166.8;9.48;4.05;25.4
229.3;155.0;13.89;4.43;38.54
222.4;177.1;8.21;3.3;31.04
184.9;122.5;13.91;3.88;18.53
185.1;135.9;11.22;3.32;16.4
239.2;156.1;9.52;4.71;52.82
202.5;137.8;8.94;6.01;213.98
202.2;162.9;14.67;2.32;7.94
228.8;165.5;8.51;3.41;29.77
236.8;126.2;9.39;2.2;24.82
239.2;150.8;10.43;4.62;49.34
225.2;150.5;12.34;5.14;52.13
202.6;142.2;11.81;6.16;63.74
185.0;176.0;8.88;2.89;36.64
226.6;169.7;10.03;6.25;69.78
213.5;161.8;9.67;1.82;11.35
205.5;162.9;9.49;4.52;39.67
234.4;147.7;10.88;1.79;27.45
186.7;175.3;12.93;5.97;141.86
209.6;161.7;9.52;4.15;43.52
180.7;163.7;10.57;4.85;37.38
208.1;171.7;10.74;5.66;52.65
183.4;136.4;14.84;2.25;3.31
187.1;168.4;14.68;1.69;3.42
187.1;131.7;13.6;5.89;55.61
219.0;140.7;9.69;3.07;23.87
224.8;140.1;8.48;2.14;15.15
215.0;178.7;10.22;3.84;30.76
237.7;171.4;9.87;4.49;59.51
202.5;162.1;11.54;1.65;10.7
197.1;163.6;13.44;2.87;19.29
232.1;153.7;14.01;1.66;20.0
193.4;176.8;13.91;3.6;57.16
237.8;149.8;10.52;5.98;72.71
180.7;142.8;12.81;6.41;59.44
238.2;129.8;10.19;4.69;46.58
182.6;167.2;8.43;2.31;13.36
233.5;164.1;12.91;6.03;66.86
211.7;143.1;8.07;4.08;30.79
239.6;121.5;10.86;2.27;22.63
184.4;170.3;10.31;6.11;56.38
213.2;120.7;12.85;5.29;41.92
238.2;162.2;13.36;5.16;65.55
211.4;178.2;10.13;5.05;48.57
217.8;146.3;13.68;2.5;16.17
221.7;134.1;10.06;2.56;20.14
207.3;162.3;11.12;4.94;42.83
217.7;169.0;13.09;2.6;37.0
215.1;152.8;12.85;3.69;27.46
234.1;178.0;14.91;5.41;57.24
182.7;123.1;9.58;5.42;77.91
196.9;150.3;12.64;3.77;25.2
237.0;163.1;12.27;5.46;60.54
233.4;171.8;14.41;5.69;61.36
207.3;130.8;9.09;4.77;40.46
217.2;168.0;13.26;2.64;18.35
196.6;153.2;11.98;2.87;46.27
191.3;143.8;9.92;3.07;14.21
207.8;127.9;11.32;2.08;6.46
201.2;171.9;10.34;2.87;27.32
215.0;129.4;12.06;2.55;24.09
184.7;138.6;14.22;3.78;20.53
238.5;137.4;11.99;6.04;76.76
239.2;172.3;12.42;2.02;25.8
221.9;160.4;11.63;5.1;50.75
212.2;167.8;8.36;4.94;61.38
198.6;135.0;9.63;1.98;12.77
228.8;157.5;11.44;6.11;68.57
221.1;154.3;10.17;4.34;60.31
189.8;170.0;9.27;3.32;17.45
234.7;174.4;11.53;5.28;128.57
229.4;120.7;10.26;2.79;19.03
237.0;160.4;9.81;4.97;53.69
223.5;123.1;11.25;1.7;11.62
216.8;152.9;8.93;5.7;56.95
205.1;137.3;14.49;3.74;33.64
236.0;138.4;14.07;4.68;44.04
232.0;141.2;12.95;2.61;24.24
182.7;157.3;8.74;4.89;36.59
181.6;140.0;13.43;5.36;43.58
202.6;164.0;13.66;3.87;25.55
228.6;144.3;13.37;4.59;42.97
239.2;124.1;8.8;3.78;36.46
189.0;167.0;12.51;5.97;53.87
215.6;137.1;13.84;3.99;30.13
202.9;146.0;12.04;5.71;61.75
238.2;161.1;12.52;5.51;61.62
230.5;139.9;11.21;3.55;28.99
230.3;123.4;11.7;2.65;26.01
208.1;142.4;8.24;3.53;23.94
204.9;176.7;12.47;5.63;61.63
196.4;158.5;8.57;2.64;12.2
183.4;160.3;11.05;4.12;24.28
231.9;157.9;10.05;5.53;59.6
228.8;131.9;11.82;3.27;24.24
240.0;145.1;8.93;4.71;52.27
239.8;165.1;12.84;2.73;28.41
213.3;126.1;13.57;2.05;15.75
226.1;136.7;9.14;5.47;54.81
236.7;136.6;8.73;1.99;23.49
231.0;145.9;9.02;2.86;27.53
194.8;178.8;14.14;5.78;54.4
207.0;124.1;11.7;3.23;17.08
187.7;151.1;11.27;6.37;65.69
237.2;130.8;8.75;6.4;75.51
216.4;178.2;12.55;2.84;45.36
193.7;126.8;14.08;1.7;1.27
220.3;144.2;13.8;5.03;41.99
217.1;164.3;12.38;3.75;30.67
201.5;162.3;8.53;2.0;9.22
186.8;145.4;8.79;5.04;45.45
220.3;140.8;8.35;1.66;101.46
211.2;143.9;9.8;5.85;54.73
226.3;135.9;8.95;2.19;20.53
211.2;132.3;9.82;2.14;8.28
231.1;149.0;10.7;2.38;25.67
213.1;136.1;14.6;6.3;60.23
213.7;137.2;12.27;4.97;39.54
232.6;159.4;13.84;5.51;56.98
204.2;178.1;12.97;3.49;30.46
188.0;156.2;8.79;3.18;29.78
181.7;124.6;13.15;2.67;8.05
225.3;124.5;9.93;3.9;29.52
217.2;177.1;12.47;4.26;69.64
222.2;137.8;10.39;4.66;39.15
192.8;125.5;14.98;2.79;5.65
188.2;155.9;9.84;6.24;64.08
180.9;157.4;9.95;2.35;7.68
201.0;158.9;14.51;6.33;73.54
215.4;136.0;8.17;1.57;9.37
203.5;120.9;12.88;3.91;27.51
206.2;177.9;13.08;3.17;44.91
234.2;135.1;13.85;3.75;30.88
200.9;160.6;14.82;4.35;28.68
210.8;162.4;14.83;3.68;24.84
227.0;156.6;8.46;3.57;62.97
203.8;138.8;13.75;5.16;39.06
217.3;136.3;12.52;4.93;40.14
231.7;155.9;12.53;5.67;65.67
237.0;172.0;8.9;2.75;29.71
188.8;176.8;12.55;4.55;34.99
235.6;126.4;14.88;4.43;38.36
209.5;129.3;14.38;3.35;106.89
195.5;176.7;11.07;3.93;24.94
207.5;164.2;8.28;3.07;20.25
238.8;173.0;10.54;2.21;27.8
209.6;132.2;13.78;2.57;67.09
199.7;155.3;12.91;2.03;5.64
218.0;162.1;11.22;4.92;107.14
194.4;160.8;8.39;4.8;45.88
184.6;144.5;10.99;6.25;61.92
187.7;120.9;11.28;5.15;35.27
187.7;155.0;14.5;1.76;9.01
189.1;135.2;12.49;5.92;49.4
188.3;147.0;10.18;5.81;70.85
218.5;177.5;11.68;3.72;28.79
190.9;143.9;8.46;4.43;30.99
200.7;170.4;14.81;6.38;62.29
233.8;131.3;10.52;4.16;37.08
208.4;160.3;11.35;6.03;66.98
220.1;178.6;10.49;1.92;21.55
190.3;126.1;12.78;2.46;24.16
191.5;120.5;12.64;3.7;15.2
182.5;146.0;13.01;4.42;41.87
190.1;125.6;9.88;5.58;185.19
196.7;164.9;10.21;6.44;64.7
190.6;174.9;8.88;3.44;76.39
185.3;146.0;12.59;1.74;3.21
187.2;135.5;8.28;5.51;43.57
207.6;146.1;12.18;4.52;33.11
192.4;163.4;14.09;2.49;23.38
201.9;120.5;14.24;3.97;19.96
210.2;155.4;11.14;5.21;44.62
221.4;156.8;11.22;5.35;57.71
182.4;158.3;8.54;4.0;26.9
228.0;134.5;12.7;3.03;28.32
217.7;162.8;13.75;6.37;70.09
184.9;125.5;9.71;4.82;37.43
232.4;132.0;10.95;3.54;30.0
235.3;172.6;13.87;2.9;30.93
183.7;164.3;14.14;5.16;38.12
196.6;120.8;9.7;2.71;30.57
228.4;134.9;11.85;2.36;16.89
224.9;132.9;9.35;4.15;50.57
191.1;136.2;8.71;2.95;13.27
192.6;134.9;14.38;4.64;31.94
202.2;123.8;13.74;2.09;4.1
209.1;147.5;13.32;4.77;35.24
217.1;164.0;8.34;2.92;20.11
202.1;156.4;13.91;1.5;3.2
207.8;160.4;11.07;2.13;11.23
224.8;124.9;10.4;6.17;66.98
182.2;177.1;11.83;5.84;66.04
195.1;170.3;8.64;2.67;14.24
222.8;168.3;13.3;5.39;51.83
233.7;169.4;12.08;4.54;44.66
210.7;176.0;9.31;6.35;73.05
211.9;152.7;9.32;3.37;47.16
186.4;132.0;9.29;4.91;55.07
206.8;157.0;8.4;1.82;17.69
212.0;164.6;12.11;3.48;30.34
194.5;164.3;13.88;6.32;100.81
196.2;151.3;8.12;4.19;32.23
202.6;124.1;8.34;2.94;20.51
181.2;142.3;12.01;2.1;4.9
199.3;175.2;13.74;5.02;38.72
192.7;155.1;10.29;4.72;33.84
199.6;152.3;10.45;3.37;20.24
187.2;136.1;12.17;6.25;58.1
233.4;142.1;9.92;1.61;75.12
215.6;173.7;8.19;3.02;25.04
220.7;160.0;13.15;6.11;81.1
227.4;167.2;12.38;3.1;25.93
209.9;147.3;12.07;2.76;14.68
185.2;157.8;13.19;4.17;23.87
212.2;134.9;12.73;5.62;48.77
215.2;162.3;9.44;2.02;19.12
224.7;145.7;10.47;6.22;68.63
205.9;146.6;8.88;5.48;60.2
187.7;159.0;8.91;2.41;12.78
197.0;176.2;12.73;5.06;41.06
201.8;123.8;14.01;3.42;96.65
218.8;169.5;14.74;3.51;26.47
214.2;137.5;12.4;5.42;64.43
201.4;146.6;9.29;6.31;61.92
239.2;121.3;8.74;2.13;29.73
216.3;138.1;13.69;3.6;34.4
194.2;150.2;12.05;3.9;25.41
186.1;123.4;12.33;3.38;11.61
189.2;149.5;13.47;3.32;16.54
194.8;175.6;12.92;1.76;25.87
189.6;126.3;13.84;4.93;37.92
191.2;165.9;8.39;3.68;27.82
197.1;144.6;13.23;2.47;6.74
190.4;159.3;13.96;5.58;45.33
233.8;135.6;10.0;5.51;62.78
184.8;129.6;12.48;3.93;24.17
211.5;129.6;10.2;2.99;34.78
204.6;124.2;14.71;4.69;31.77
238.9;131.1;8.23;2.94;33.44
186.7;159.9;12.06;2.68;12.36
203.9;172.9;9.17;5.15;44.14
238.2;168.8;12.99;1.7;19.77
231.9;161.1;9.23;1.97;25.16
229.0;126.6;9.65;1.53;15.7
195.5;137.4;11.46;2.26;6.21
190.3;138.6;14.4;1.84;0.58
220.1;135.0;9.48;6.48;76.31
235.8;150.9;9.01;2.94;29.36
213.4;152.1;13.31;2.25;17.36
214.3;141.4;11.5;2.7;67.63
196.8;141.2;14.38;6.18;53.78
226.2;169.7;9.03;4.1;37.5
191.2;167.4;12.52;3.32;18.1
199.4;138.5;9.63;5.87;79.99
205.5;174.8;9.1;3.47;22.59
210.5;177.2;12.78;3.18;79.65
194.5;139.6;12.16;2.54;10.66
186.9;141.3;13.28;3.39;15.82
216.6;150.3;10.17;3.08;21.39
197.3;176.5;11.14;4.89;39.12
214.9;172.6;10.84;2.95;34.95
189.3;126.2;14.89;4.39;23.12
208.9;143.6;10.05;1.83;12.09
212.0;153.2;10.06;2.46;14.31
183.1;150.2;10.48;3.54;17.65
200.2;131.6;11.95;6.18;215.21
188.1;171.5;9.77;3.39;24.02
183.8;160.6;14.41;4.82;40.11
239.4;170.3;9.86;2.78;47.59
199.3;171.5;14.27;2.14;7.12
228.6;164.9;8.72;1.79;62.75
195.3;146.4;12.6;3.03;11.33
220.9;156.6;14.35;2.29;13.75
225.6;129.6;9.18;2.37;16.87
215.7;160.4;14.78;5.3;53.18
208.3;130.8;11.17;1.58;7.84
204.7;161.6;14.62;4.29;30.09
200.9;133.8;12.74;3.4;17.77
235.8;127.1;10.11;4.03;36.36
229.8;129.9;9.32;4.31;37.02
237.9;120.1;10.13;3.07;35.69
187.5;163.1;8.65;2.98;22.94
223.9;163.9;9.01;5.17;85.31
236.3;150.9;8.73;5.86;67.03
190.9;129.7;10.96;2.46;14.56
184.0;125.0;13.57;1.99;1.89
224.5;121.1;8.99;5.99;79.11
214.5;129.9;8.91;3.25;33.7
230.5;173.5;12.5;4.26;43.58
188.4;134.5;9.38;3.3;15.42
227.7;141.3;8.68;2.13;30.0
192.1;126.3;9.17;4.45;35.2
189.8;133.3;14.47;4.13;21.3
189.9;151.2;13.75;2.51;6.67
228.9;156.5;10.48;3.76;33.7
219.9;134.7;12.59;5.48;80.5
211.4;123.5;11.76;4.45;47.66
201.5;143.5;12.74;1.98;4.83
232.6;134.1;12.78;4.24;36.41
203.5;133.2;12.4;5.01;58.06
229.0;177.6;9.86;5.46;58.21
206.3;157.0;8.27;4.65;42.53
202.6;153.4;11.19;2.26;9.31
207.8;144.9;14.24;5.05;75.04
198.1;145.7;11.99;4.89;35.08
224.9;152.5;13.83;1.62;28.79
210.2;161.8;14.94;3.56;24.63
193.9;162.1;9.15;3.16;20.48
234.0;130.3;12.84;4.85;44.59
203.0;150.0;12.72;2.58;9.41
212.6;144.7;14.86;4.45;32.51
234.4;172.2;14.9;6.07;72.57
217.5;157.9;12.81;5.49;50.21
187.0;152.0;9.71;6.11;55.19
236.4;126.9;13.59;6.39;78.8
217.7;156.3;8.75;1.55;17.69
200.1;127.0;13.46;4.61;30.62
188.4;140.2;14.37;3.56;24.94
227.6;128.6;10.68;5.8;57.88
217.2;161.5;12.41;2.76;18.23
212.0;132.4;11.01;6.41;101.72
233.6;143.5;11.06;4.57;46.19
227.3;173.7;10.17;5.47;60.34
189.1;132.3;13.33;1.93;106.07
198.7;150.5;14.55;2.42;6.69
194.9;145.2;14.59;5.29;49.31
224.6;121.1;9.22;1.61;49.63
182.0;167.6;14.12;5.58;46.53
214.2;124.1;13.16;1.57;15.43
225.7;148.5;9.77;4.79;43.54
232.6;153.6;8.47;3.33;30.74
200.5;157.7;9.88;4.56;38.01
229.3;161.3;14.39;4.98;57.28
186.6;135.2;12.43;3.21;28.84
230.8;120.6;13.05;2.04;47.64
187.6;163.4;9.8;1.85;7.86
203.8;152.1;13.04;4.44;49.06
227.8;170.2;8.2;4.1;39.6
189.0;169.3;10.63;5.21;53.6
193.8;170.6;12.39;4.05;28.93
223.3;149.1;9.02;3.61;33.84
223.2;140.0;13.76;3.49;28.99
218.5;167.5;9.65;1.63;11.62
221.6;147.1;12.57;3.18;20.86
212.6;131.0;10.84;6.38;65.92
195.1;171.3;12.17;5.87;52.1
200.7;173.0;8.75;3.15;29.48
190.9;148.0;8.12;4.44;41.16
234.5;124.5;14.37;5.74;62.91
215.0;143.3;9.89;3.71;24.73
204.1;168.2;13.74;1.59;30.95
207.7;174.1;15.0;1.87;77.53
236.8;132.2;9.48;4.05;41.4
189.2;124.0;9.86;6.35;63.47
215.2;172.6;12.64;4.97;46.62
210.4;143.4;14.76;1.85;12.08
216.7;152.5;14.41;2.45;14.53
181.1;178.1;11.52;5.36;46.25
232.3;124.0;13.57;5.71;69.08
235.9;158.9;8.95;4.59;158.63
213.9;124.4;14.84;4.72;32.63
221.8;142.5;14.75;1.64;10.5
235.3;168.2;9.15;5.64;63.89
222.4;146.0;10.1;5.44;87.13
189.2;179.8;8.7;2.8;15.15
214.6;153.5;9.9;5.04;42.92
216.4;139.3;13.71;2.57;20.28
205.4;133.2;10.65;1.7;49.02
224.2;141.0;8.62;2.51;25.96
236.1;142.4;10.4;2.39;25.86
235.5;124.1;14.87;3.19;29.78
207.1;142.2;12.41;3.59;46.75
186.8;147.9;10.91;4.04;22.97
239.1;163.4;9.17;3.88;42.64
230.3;159.4;14.9;2.85;23.05
187.5;162.5;13.75;1.65;2.3
235.3;120.5;9.97;4.53;43.08
232.2;133.1;8.49;3.48;46.32
211.1;159.7;8.4;2.99;25.82
215.5;149.0;8.84;5.83;64.57
203.9;120.3;12.07;5.23;42.09
183.3;168.3;14.5;5.79;55.18
200.1;166.4;11.48;3.97;25.62
228.2;152.9;13.9;2.15;16.99
180.3;124.0;11.12;4.98;36.48
200.0;166.0;12.96;2.53;14.76
203.9;155.0;13.12;3.71;25.76
212.2;166.9;9.22;1.83;12.98
235.2;165.1;10.53;5.63;63.85
200.8;168.2;12.46;2.13;386.22
200.8;151.1;8.49;6.02;68.24
224.3;128.4;10.53;5.82;62.37
207.1;160.3;11.74;3.82;26.1
193.5;157.2;14.97;5.22;39.73
207.1;164.5;11.32;4.6;36.91
188.5;130.2;13.71;5.52;45.3
190.6;131.7;11.02;3.66;16.5
209.9;173.4;13.57;5.43;47.55
205.1;165.0;12.17;3.81;24.65
234.9;174.5;14.21;6.2;75.69
201.7;165.5;10.88;3.93;26.99
214.8;155.8;12.23;3.81;55.83
217.9;159.2;12.41;5.43;49.43
180.8;173.3;10.92;5.61;48.13
219.8;154.7;9.01;4.27;66.74
190.7;157.9;8.65;2.4;12.71
237.7;129.4;8.12;3.84;48.13
188.9;148.4;14.11;6.34;128.5
204.9;163.0;9.66;5.26;45.32
185.1;136.3;9.48;5.56;46.18
239.8;132.1;13.15;1.66;18.89
210.1;138.8;10.24;3.84;23.59
215.7;134.5;11.54;4.73;37.75
184.0;132.9;9.14;5.65;57.14
225.0;145.5;14.72;1.75;17.36
192.6;174.5;13.96;5.76;57.47
233.9;150.4;14.05;4.24;39.42
192.3;131.3;10.85;2.49;6.98
191.4;124.6;13.34;3.09;31.02
182.2;161.8;9.01;2.91;13.97
208.3;143.0;8.06;4.15;33.33
213.9;169.3;8.14;1.76;15.48
183.9;159.6;12.11;2.29;35.61
226.5;167.8;11.19;5.56;70.69
207.2;136.3;11.63;2.16;7.01
211.5;161.5;8.05;2.67;16.31
206.4;135.8;10.96;3.77;28.8
204.0;176.3;13.03;4.09;30.07
213.6;158.2;11.1;5.32;48.01
189.3;139.5;13.13;3.74;31.99
190.9;136.2;9.63;5.45;46.34
231.7;131.5;13.69;4.59;42.89
236.8;161.7;12.12;2.07;31.31
202.4;133.1;9.48;2.28;8.78
196.2;155.7;9.66;3.69;55.34
218.6;135.9;12.4;3.48;22.09
204.5;159.7;13.81;5.22;49.81
181.5;168.9;10.91;4.4;57.06
189.4;166.7;9.81;3.44;18.38
223.0;165.7;14.07;2.35;17.05
219.5;131.3;12.68;2.63;31.43
181.6;125.3;11.14;4.38;42.56
193.3;161.9;11.42;3.62;21.57
193.9;142.1;9.43;4.07;24.46
220.3;145.9;12.39;2.35;26.76
181.2;121.9;10.51;4.81;49.3
186.2;135.6;14.97;5.76;44.66
228.0;122.0;11.36;2.79;18.26
190.7;172.8;11.4;3.96;28.3
219.2;134.6;11.96;6.38;72.69
194.3;153.4;14.42;3.17;14.31
186.0;122.3;13.61;4.48;32.85
194.6;160.0;11.16;1.95;6.34
223.3;139.4;13.03;4.53;35.73
231.3;173.9;12.1;1.95;19.97
229.8;173.3;11.45;6.3;75.13
203.8;139.5;9.35;5.08;41.0
220.1;174.1;11.25;5.44;52.8
192.3;179.8;9.72;5.02;39.9
197.6;169.5;14.4;4.45;30.52
233.8;170.7;10.35;3.75;48.21
180.8;134.9;14.67;5.79;66.33
185.1;154.6;11.73;6.28;76.68
192.5;124.0;12.42;4.0;19.89
181.6;125.7;11.8;6.16;52.15
190.9;179.9;8.91;4.42;38.39
215.0;139.6;10.63;4.19;37.73
205.3;164.9;8.69;3.77;30.74
233.6;168.4;12.36;2.55;22.89
229.0;171.5;11.13;1.52;15.98
200.5;179.9;13.45;2.71;15.54
195.6;134.5;9.54;4.05;29.37
202.8;122.4;9.15;3.4;26.09
215.4;144.7;10.84;3.74;28.45
196.1;127.8;14.49;6.4;61.79
217.4;121.3;12.97;3.25;20.29
204.6;141.6;10.93;3.76;30.22
213.1;167.0;11.62;2.17;16.73
206.2;154.0;8.59;1.74;10.73
197.7;138.8;14.89;5.38;41.58
236.9;159.3;12.66;4.35;45.96
225.8;133.9;10.0;5.3;55.95
188.4;120.9;12.1;2.25;6.94
232.1;165.9;8.77;4.36;48.16
209.2;157.4;14.76;2.77;37.01
233.7;165.7;9.22;2.64;29.76
228.0;122.3;12.54;1.56;10.37
205.5;170.2;9.72;2.15;22.86
181.3;157.2;13.02;3.05;11.56
196.1;153.8;13.44;2.08;5.13
212.5;157.5;12.71;6.43;70.17
218.0;171.9;12.3;3.04;27.35
195.5;155.2;14.25;2.15;5.05
188.4;154.9;8.55;2.5;10.77
230.1;179.4;10.32;4.44;44.22
239.1;165.4;9.74;1.82;23.68
211.5;146.5;14.92;5.81;64.51
190.3;162.4;10.73;6.31;68.67
196.3;143.4;13.13;2.73;11.54
181.1;133.7;12.79;3.75;17.55
234.9;155.8;9.48;1.61;18.22
187.1;175.7;9.67;4.7;62.11
214.6;175.7;9.97;3.57;33.76
196.4;140.5;10.88;2.85;11.3
213.3;151.7;9.64;2.53;23.28
219.1;132.7;8.14;4.77;41.96
229.8;179.7;14.16;3.58;32.68
192.4;178.9;14.76;2.4;14.28
180.7;159.0;10.39;4.95;36.48
188.2;168.3;10.37;4.33;30.02
234.0;162.9;8.05;5.79;69.17
232.4;155.6;12.76;2.09;19.03
215.8;123.2;13.78;5.43;53.11
216.0;147.3;9.03;4.87;95.04
219.9;160.5;9.12;2.08;14.98
190.5;160.7;13.53;4.97;35.24
234.9;142.4;12.31;3.71;31.92
205.1;176.5;8.31;6.22;65.42
203.0;130.0;12.36;2.21;6.01
211.1;150.0;10.16;4.71;40.64
182.8;161.5;10.58;3.41;20.39
190.0;161.8;13.39;6.28;57.52
224.3;158.9;13.68;3.15;21.96
185.0;136.5;10.8;6.31;61.29
216.2;129.4;14.63;6.01;58.37
194.7;158.2;10.85;2.85;13.43
203.4;156.0;13.4;5.52;45.57
197.3;130.8;11.39;6.48;66.56
201.3;162.3;14.28;2.76;33.19
223.1;147.3;14.35;3.68;30.25
197.8;160.1;8.61;4.1;27.45
214.0;170.2;14.56;2.97;20.34
208.6;130.2;13.78;1.58;2.36
219.8;121.1;13.54;2.6;27.65
236.2;166.7;9.41;2.91;32.22
224.0;156.6;13.64;3.72;27.47
192.9;162.0;13.95;2.36;8.49
181.9;170.3;10.02;5.87;58.31
195.7;168.2;14.67;5.02;38.61
215.7;177.7;8.35;1.93;15.72
183.1;152.2;9.05;4.75;33.12
209.8;149.3;11.76;4.77;43.36
215.8;144.1;12.03;6.28;63.24
200.1;129.2;12.52;1.52;0.25
226.3;154.4;8.12;2.74;23.23
186.4;136.6;14.72;6.14;65.5
184.5;175.3;8.31;6.16;60.26
223.7;155.0;9.0;5.1;92.62
209.7;155.6;8.1;5.33;52.84
221.3;141.3;11.97;1.96;15.94
206.1;123.1;14.53;4.07;24.03
194.8;121.9;12.66;2.66;8.55
229.1;145.4;13.76;2.41;18.66
228.0;125.1;8.09;5.55;56.3
221.7;156.4;11.79;2.18;20.89
196.3;172.9;11.22;3.84;23.98
215.4;173.0;11.49;6.19;64.01
201.7;159.5;8.51;2.43;11.51
185.5;132.7;12.79;6.39;127.68
235.0;171.8;11.52;6.47;84.74
188.2;173.2;13.36;4.28;31.67
237.0;131.8;11.4;2.35;20.7
206.8;164.2;9.05;3.08;26.17
191.1;137.2;12.54;3.62;18.54
212.5;168.2;9.21;3.05;24.0
232.4;179.8;14.11;2.9;26.06
223.9;121.8;12.29;6.36;68.6
228.4;173.8;9.1;2.27;22.01
219.5;157.4;14.74;5.17;45.27
221.5;178.4;11.63;1.5;22.02
231.0;147.9;8.51;4.48;41.96
195.0;170.8;12.39;6.08;63.2
209.4;123.7;9.77;2.94;22.03
193.3;140.1;13.63;2.43;5.81
239.3;124.0;13.72;4.76;46.03
236.6;178.5;14.85;5.06;55.3
182.4;169.0;11.51;4.94;40.85
222.3;171.2;11.18;3.1;25.51
235.5;176.3;13.27;2.76;32.2
190.8;125.1;8.93;6.28;102.52
214.1;143.1;11.83;6.12;59.87
234.9;124.3;11.82;3.79;31.36
182.0;132.6;8.63;5.73;57.7
221.8;133.8;10.93;3.76;67.36
197.8;148.1;13.97;3.62;23.08
235.5;136.1;13.99;2.28;18.47
238.3;126.1;8.69;3.63;35.78
236.7;130.0;8.64;4.19;39.65
208.5;128.8;9.84;1.61;12.62
231.7;178.4;14.12;3.72;33.35
230.7;165.6;8.9;5.41;58.91
199.1;178.1;13.04;4.9;37.87
229.7;146.4;8.71;4.68;47.46
182.2;136.7;12.36;6.05;52.29
215.8;167.9;10.49;1.59;14.06
193.8;139.6;13.52;4.29;27.13
187.2;138.0;9.64;5.44;42.33
184.6;134.0;12.47;4.21;30.31
221.8;127.8;9.65;3.12;22.36
200.4;135.4;13.0;2.18;5.01
223.5;141.3;14.12;5.94;153.13
183.9;160.4;8.89;3.85;28.74
198.9;123.8;14.07;5.89;49.82
212.4;132.6;12.16;4.43;57.59
227.4;168.5;8.89;4.87;99.85
199.1;128.8;10.99;5.52;45.61
217.6;140.6;9.13;4.8;44.63
233.2;171.9;12.9;3.49;31.89
217.0;129.3;13.31;4.07;28.59
194.0;125.0;8.74;5.52;45.19
181.5;149.1;11.54;3.37;18.54
232.2;138.1;13.7;3.44;31.82
181.3;153.8;14.55;1.98;9.67
232.5;168.2;11.59;6.07;72.86
211.7;128.2;14.65;1.96;4.81
236.3;154.8;11.75;4.74;48.01
227.9;150.3;10.76;3.57;29.68
239.9;128.6;13.94;3.53;32.67
201.0;157.4;11.45;4.9;52.27
226.0;136.4;11.3;1.84;12.22
204.1;149.3;11.43;4.47;32.01
208.8;124.9;13.93;5.36;54.64
217.7;147.6;13.82;5.64;52.78
232.4;138.4;10.82;2.35;25.09
239.0;169.3;10.33;5.99;73.66
226.1;123.4;11.44;4.78;44.41
205.1;145.1;12.01;5.91;54.38
205.3;147.5;9.67;3.93;33.27
224.3;163.5;13.56;4.21;34.28
194.3;154.5;11.41;6.1;56.42
186.6;160.0;10.34;6.0;58.23
201.3;166.6;8.75;3.74;30.94
197.2;171.7;9.67;2.87;45.36
197.8;138.8;14.64;3.47;16.01
194.0;152.3;10.14;3.44;47.43
182.5;170.4;9.18;2.93;14.63
181.1;179.4;11.22;2.84;36.81
239.3;173.4;10.15;5.81;79.69
205.7;142.3;8.25;1.85;7.37
203.1;131.7;10.26;4.89;39.8
220.8;149.4;11.81;2.36;16.8
193.1;164.5;11.86;3.22;23.44
237.0;149.6;10.5;1.81;21.23
227.2;149.0;11.13;2.85;22.74
185.4;170.3;14.76;5.34;66.49
205.1;141.7;10.64;5.93;55.51
232.7;171.6;9.81;2.61;35.83
236.7;144.4;9.7;3.82;37.88
208.0;139.7;11.2;3.85;63.0
216.8;147.2;13.32;5.87;55.69
190.0;165.7;9.44;5.31;44.04
239.5;127.6;12.97;4.07;69.43
193.9;131.8;8.15;4.85;35.11
236.6;177.1;10.93;5.74;102.26
219.0;130.5;13.43;1.55;18.18
216.5;154.1;10.37;3.51;26.03
210.8;154.8;11.95;6.04;57.11
193.8;149.4;9.43;5.2;42.99
190.6;158.7;13.19;4.21;28.34
193.2;133.8;8.37;4.15;43.0
191.2;153.2;13.97;3.24;48.66
226.8;142.3;9.39;4.1;34.91
201.0;159.7;14.12;4.78;44.39
183.5;128.5;10.47;3.59;25.49
238.1;154.3;13.06;5.07;68.98
233.0;131.1;10.23;5.81;67.64
235.7;136.7;14.34;2.27;17.93
239.7;133.1;8.89;3.76;38.5
190.4;131.0;9.25;3.54;16.4
203.8;169.5;11.45;4.94;41.07
225.5;137.1;8.57;2.75;33.55
221.8;175.6;9.37;4.7;48.0
189.2;178.2;14.61;5.89;69.52
228.9;154.3;14.84;3.59;32.87
193.5;128.6;10.63;6.06;51.92
193.4;142.5;14.46;6.47;58.7
212.2;167.9;11.81;2.03;14.4
215.6;142.0;9.89;2.67;16.65
214.8;125.2;12.92;6.25;59.52
185.5;153.4;12.61;6.29;56.82
232.6;170.7;14.92;1.99;18.5
195.9;167.8;9.86;1.57;7.32
187.8;130.5;12.7;2.31;11.99
233.3;160.4;8.36;6.48;81.46
237.3;133.2;8.8;2.4;59.05
231.7;133.1;8.03;4.01;35.53
228.6;172.4;15.0;5.74;71.45
219.3;135.0;13.62;1.6;9.83
213.1;135.8;13.51;4.52;40.38
185.2;120.0;11.57;2.89;8.57
204.5;172.2;10.1;5.81;70.41
202.4;167.6;9.06;2.92;20.66
195.6;157.6;9.99;4.93;37.69
223.4;165.0;10.63;4.87;47.46
209.8;129.1;13.29;2.61;11.21
184.9;147.5;11.78;1.67;8.1
193.2;141.1;8.54;3.55;18.14
221.0;125.6;8.13;2.95;21.1
184.6;149.2;8.72;5.54;50.79
231.1;175.2;10.87;5.5;62.02
209.7;122.4;14.53;3.79;43.92
208.8;137.5;12.46;4.53;41.09
215.5;132.5;13.61;4.52;34.7
229.5;134.3;11.26;5.64;60.28
200.9;174.5;10.53;3.63;27.25
220.7;148.1;8.76;2.88;25.2
213.9;148.0;14.13;2.83;13.68
196.0;165.6;13.48;4.18;27.44
232.7;129.3;9.18;3.75;31.64
227.8;149.2;11.59;3.7;51.71
219.5;145.8;11.41;1.96;13.45
231.0;155.8;12.38;5.09;51.81
232.0;180.0;14.62;2.57;34.87
222.5;166.2;12.06;2.48;23.14
230.2;143.9;11.78;3.56;28.77
221.8;169.7;8.35;2.64;22.98
220.8;130.2;8.44;4.42;36.43
217.1;121.8;9.31;3.36;19.57
225.2;132.3;8.23;3.74;29.52
189.5;140.4;13.2;4.19;24.7
232.9;150.6;13.06;2.52;22.8
232.3;156.9;8.95;2.28;21.05
181.8;174.6;13.85;5.9;69.49
229.5;150.6;9.08;3.67;33.83
187.7;150.1;10.11;3.56;20.78
200.1;123.0;9.74;1.68;7.73
224.6;122.1;10.61;3.99;29.75
189.6;153.1;9.78;4.27;32.82
229.1;146.3;11.42;4.29;38.54
229.9;170.4;10.85;5.04;50.97
210.4;129.6;14.91;2.39;14.54
180.4;121.5;8.39;2.76;38.5
197.2;146.9;9.0;5.55;55.79
217.0;134.2;8.37;6.24;75.68
238.9;123.0;12.38;2.18;20.08
217.9;163.5;8.38;3.99;31.5
195.6;126.7;13.86;2.57;35.91
218.0;156.5;11.58;1.8;82.32
212.4;136.9;11.69;3.13;49.35
226.8;130.4;11.93;2.22;15.41
186.4;142.8;9.2;5.05;36.72
225.7;168.1;9.38;4.17;37.28
212.5;143.5;10.23;2.22;10.16
237.8;165.0;12.15;1.55;21.53
200.5;127.5;9.47;5.54;81.08
218.0;166.4;8.81;2.38;18.62
235.9;134.2;14.79;4.53;45.68
186.2;160.6;8.15;3.18;41.53
236.2;153.9;13.62;4.43;43.61
221.3;175.7;13.52;3.08;91.88
184.1;143.2;10.08;1.93;68.88
198.1;124.0;8.95;2.61;10.54
222.5;121.1;9.02;2.44;14.96
184.0;169.6;12.88;3.64;27.93
214.9;151.5;12.5;4.79;39.41
200.8;166.5;13.48;2.82;12.57
217.3;134.1;14.56;1.56;27.41
182.7;140.7;12.84;4.09;41.42
232.3;121.8;9.09;4.53;44.26
238.4;177.7;9.7;6.31;78.28
238.1;160.1;13.9;4.45;44.15
225.0;176.0;9.47;3.86;37.18
187.8;135.9;8.51;4.37;27.82
225.5;156.7;12.92;6.14;66.09
181.5;160.7;10.82;5.64;61.8
181.3;139.1;14.44;3.11;19.22
199.4;170.9;12.55;2.69;37.76
209.3;176.8;8.63;2.81;18.29
226.2;173.1;14.63;4.02;34.93
221.0;164.3;9.81;5.22;59.18
206.8;136.6;10.36;4.02;30.76
196.4;136.9;10.82;1.84;35.77
239.8;177.8;8.36;5.12;65.03
205.6;120.6;11.48;5.53;96.56
207.1;163.0;8.86;2.95;24.03
189.8;162.4;10.81;4.82;50.51
227.7;157.4;10.45;3.63;31.72
221.6;179.4;13.41;5.95;64.31
193.2;138.7;13.62;5.73;58.14
184.9;140.4;9.07;4.13;60.49
220.8;124.7;10.57;4.96;50.3
219.3;146.6;10.61;5.92;60.5
196.4;135.7;9.06;3.98;48.33
237.1;140.6;13.59;3.07;25.77
189.1;170.1;12.95;5.27;40.97
205.9;176.1;9.33;2.6;23.68
236.6;131.1;10.57;3.44;33.03
205.2;142.4;8.74;5.83;60.23
218.3;175.7;12.4;5.12;49.72
203.9;123.7;8.85;3.52;25.19
196.5;125.5;14.9;2.57;5.37
239.0;129.8;13.46;3.28;35.62
204.6;155.7;10.73;2.92;28.77
233.6;129.0;12.05;2.38;38.48
193.8;178.1;14.38;5.22;108.45
192.8;146.8;11.88;2.76;13.78
181.9;150.1;9.22;3.77;24.75
219.1;134.8;10.65;3.43;21.78
202.1;148.3;13.9;6.41;61.46
231.9;159.7;12.51;3.46;31.56
208.4;165.1;12.56;1.9;23.72
238.1;165.2;14.07;1.95;21.39
191.1;154.7;14.26;4.45;37.67
232.1;174.3;14.44;4.5;45.43
226.6;169.0;8.66;3.59;33.35
226.3;165.4;11.81;3.66;34.24
230.7;123.3;13.18;1.77;13.13
225.7;120.4;13.3;4.08;30.56
217.6;132.7;12.25;4.02;26.75
187.9;159.8;9.17;2.25;9.57
182.0;144.7;13.58;2.02;3.43
235.3;144.1;13.04;2.12;19.42
217.0;173.1;8.6;2.01;20.09
227.8;173.7;11.25;4.55;51.12
208.9;174.6;9.22;2.48;18.97
187.0;138.8;10.36;2.76;23.13
187.5;161.5;8.13;2.37;16.65
221.1;136.3;10.8;6.29;66.15
205.8;131.4;11.85;5.77;50.2
192.0;131.1;12.34;2.65;11.52
209.5;140.5;12.64;3.14;22.7
183.9;145.8;13.85;2.55;32.5
214.9;169.9;9.51;3.96;49.66
196.1;127.2;8.84;1.6;2.9
227.9;164.1;13.96;4.86;47.11
198.6;151.9;9.1;4.12;34.87
207.3;137.3;14.82;5.99;68.4
180.7;149.6;13.9;2.32;17.68
184.3;138.0;11.51;5.52;44.87
203.5;155.8;14.87;5.46;44.13
208.8;146.0;8.68;2.14;9.99
216.0;129.9;10.12;3.49;25.7
197.5;127.0;12.47;2.35;9.83
221.7;152.8;10.45;2.77;18.93
231.6;174.1;14.5;2.82;26.93
226.8;140.6;8.46;4.28;44.83
182.4;164.0;11.85;3.56;18.07
208.8;159.5;12.14;6.24;77.84
186.3;175.9;12.57;2.13;8.2
194.5;169.3;9.79;6.37;83.82
239.2;154.0;10.55;2.65;27.7
188.5;159.4;13.91;5.36;41.23
209.9;173.9;9.36;3.19;22.17
217.1;144.0;13.79;2.22;12.62
222.1;139.6;11.94;5.79;57.0
213.6;120.6;13.34;3.04;15.34
180.6;169.6;13.0;4.79;38.42
199.6;168.1;9.45;4.33;32.72
211.1;126.3;11.98;3.86;24.8
185.3;154.6;14.07;3.98;20.57
201.0;147.8;11.02;5.16;45.42
182.0;127.1;14.77;1.94;1.89
184.7;178.8;11.17;4.84;72.73
203.8;132.9;9.0;5.98;54.06
188.0;124.0;10.73;1.79;0.38
214.1;155.7;14.66;2.2;17.71
221.4;164.3;10.24;5.08;52.21
228.0;121.9;14.08;3.69;25.81
192.0;159.5;14.17;3.52;16.49
190.0;151.9;10.45;2.18;38.95
186.3;126.2;8.58;4.03;48.63
218.2;130.4;13.07;2.13;8.69
222.4;154.1;10.18;3.88;31.59
181.9;137.8;13.48;5.32;77.78
236.2;176.3;11.1;2.79;29.17
183.1;169.1;11.4;3.9;23.71
212.5;179.0;13.45;6.46;69.22
222.5;135.6;10.68;4.93;42.39
232.3;178.2;11.1;5.71;63.03
222.8;145.9;10.63;3.57;41.71
228.1;140.9;10.57;5.34;51.34
200.4;123.0;11.68;1.7;5.69
228.9;123.2;13.66;2.11;24.7
184.8;161.5;10.53;2.52;8.87
233.7;147.5;11.67;3.51;30.63
212.9;133.6;12.7;5.73;70.12
229.0;156.8;9.89;3.23;33.81
207.1;135.2;9.94;4.77;35.72
218.6;154.7;14.53;5.05;62.01
211.6;141.6;13.06;4.43;50.34
223.9;169.4;12.04;3.29;29.72
184.9;169.2;12.53;4.39;28.48
183.6;148.6;8.21;3.21;16.08
194.8;141.0;12.33;1.92;7.67
189.6;141.8;11.57;6.46;62.03
232.3;168.3;11.82;2.14;33.03
193.2;139.7;10.52;1.86;3.11
238.6;132.5;8.57;5.89;66.55
200.2;125.1;9.35;3.01;15.81
190.9;148.0;14.66;4.75;31.52
227.4;148.9;10.86;3.15;24.82
219.5;170.5;11.27;3.46;25.39
209.9;133.3;8.37;2.81;16.88
213.3;142.9;8.26;3.22;22.28
223.2;168.5;13.02;3.55;35.44
193.7;169.4;11.77;5.1;42.73
239.8;143.1;11.56;4.06;41.81
238.5;147.5;9.7;6.22;92.4
219.0;138.2;13.21;1.71;7.67
192.0;176.0;9.18;4.02;33.33
220.8;127.1;9.33;4.42;33.97
184.3;176.0;11.22;6.1;56.86
181.8;161.0;10.0;1.75;4.23
195.5;151.9;9.73;4.37;38.86
207.8;122.0;12.52;5.77;50.71
232.1;148.5;12.56;2.71;24.41
223.6;144.5;13.77;5.88;57.6
224.6;129.7;10.92;1.6;11.37
205.5;159.4;8.51;5.16;43.97
200.8;178.3;9.92;6.17;65.95
202.3;153.7;14.86;4.79;33.53
239.3;162.9;12.17;3.7;60.64
182.4;124.1;12.97;1.72;0.0
232.0;145.1;8.05;6.1;68.83
214.7;127.0;11.63;3.85;64.25
206.3;156.8;8.26;1.64;8.8
223.5;176.3;11.98;4.95;46.31
209.2;159.7;14.45;3.91;28.55
232.4;124.6;14.78;2.12;15.18
234.0;141.3;11.78;2.57;21.7
205.3;153.0;11.21;1.82;6.53
196.6;144.2;14.62;4.37;236.3
215.5;170.0;12.72;4.61;39.12
234.7;168.9;8.45;4.03;40.17
192.6;156.7;11.26;5.59;76.84
217.4;142.4;9.68;5.81;63.24
217.9;135.3;11.29;4.58;35.56
224.0;126.4;11.19;1.56;9.2
187.9;141.3;12.08;4.98;42.66
222.9;144.8;10.5;3.59;28.08
234.5;160.5;9.15;4.33;42.63
190.8;159.5;11.53;4.75;81.01
194.3;124.2;13.81;3.25;12.12
238.3;143.7;12.65;6.09;99.87
190.9;130.9;10.37;2.17;26.15
231.3;129.4;14.55;4.86;42.94
209.5;169.6;14.39;1.52;21.25
194.8;122.5;9.47;6.12;54.11
232.2;145.2;8.28;2.06;18.61
206.7;130.1;13.19;1.97;5.59
210.9;172.8;13.79;3.17;24.2
201.6;153.4;14.78;3.37;16.95
215.6;133.9;14.23;2.57;12.62
189.8;150.1;12.2;4.43;45.23
203.5;163.9;11.71;3.71;25.88
238.2;177.5;8.19;1.67;23.69
195.5;133.2;9.73;3.1;21.57
219.4;173.2;11.22;5.55;58.18
199.5;176.1;12.4;4.95;38.12
226.4;175.0;11.9;5.12;56.02
187.9;158.1;13.2;4.99;40.86
238.2;157.8;9.96;3.05;33.15
207.2;144.2;11.95;2.0;18.79
194.2;165.1;8.62;2.86;14.71
184.4;151.9;10.9;5.66;51.37
190.2;160.6;13.25;6.4;59.76
211.2;145.7;12.85;3.97;30.75
200.2;163.9;14.93;1.55;64.72
229.7;169.5;9.95;2.2;20.35
205.9;128.8;11.49;3.11;14.05
194.9;170.0;10.31;4.39;31.05
217.0;152.4;11.08;1.88;13.87
222.4;170.7;14.0;6.22;65.71
190.0;145.9;12.79;3.33;19.53
190.1;142.7;14.18;6.06;62.66
182.2;174.9;9.42;5.4;51.98
224.2;135.1;14.11;5.28;46.22
219.8;170.7;8.42;4.53;54.39
208.5;149.0;14.22;4.63;45.6
230.7;150.8;10.3;4.69;55.29
228.3;138.5;10.2;4.64;46.59
215.1;154.4;11.58;4.27;35.76
232.1;139.5;14.58;6.43;85.91
192.4;122.4;8.33;5.16;96.25
186.7;136.3;10.47;5.38;40.91
196.2;120.4;14.0;5.86;62.63
183.4;178.7;10.77;2.58;13.43
211.9;177.9;9.39;1.92;14.43
236.2;143.7;10.97;3.91;35.99
182.4;163.7;10.7;4.07;26.07
187.3;140.7;14.41;5.65;43.7
207.1;160.3;13.33;3.72;23.44
236.0;168.3;11.54;4.35;43.84
199.0;176.8;14.92;4.14;27.37
210.4;144.0;11.26;1.69;7.5
182.5;167.0;8.41;4.58;35.78
188.9;136.0;9.84;5.64;45.09
239.2;179.4;11.05;2.29;26.17
237.9;121.5;9.1;4.47;48.08
180.3;156.2;14.63;4.47;27.25
237.1;159.6;13.37;2.32;38.3
218.3;161.3;9.88;2.12;17.92
232.1;127.2;12.14;6.4;77.91
207.3;176.3;13.05;3.47;48.43
210.9;130.9;14.59;2.64;11.1
209.3;157.4;14.17;2.36;10.69
220.0;133.4;11.61;4.84;50.92
188.4;138.4;13.42;4.55;33.63
181.8;152.8;11.94;4.72;33.22
198.5;145.0;11.87;1.94;30.69
222.3;129.6;8.8;5.97;61.33
192.1;130.3;8.88;3.45;18.62
220.4;145.1;11.71;3.07;22.35
238.2;165.4;9.88;3.81;39.15
185.6;173.9;8.15;3.45;23.06
220.4;125.0;13.06;5.82;79.87
206.6;143.6;8.23;6.15;64.93
232.1;126.0;12.17;3.02;25.22
190.6;121.0;11.77;5.82;48.19
221.6;159.7;14.78;5.41;54.53
230.3;156.1;11.39;6.15;77.6
236.7;129.8;8.45;2.73;32.27
221.0;134.0;11.86;4.38;34.73
209.8;121.4;13.89;2.87;15.43
217.1;170.1;14.98;5.62;58.6
232.1;178.5;11.01;1.53;18.16
214.2;128.1;10.24;4.32;33.87
181.8;133.9;14.35;3.2;9.68
235.9;172.1;9.34;3.11;37.53
221.4;175.6;12.31;4.72;50.38
220.6;145.2;10.84;5.76;65.25
192.9;123.0;8.29;4.55;29.83
219.5;122.4;10.43;5.77;57.98
203.6;154.4;9.86;2.82;41.37
219.1;143.6;12.8;4.1;56.45
186.4;121.7;14.64;3.75;17.36
219.5;155.0;9.88;1.56;14.08
240.0;120.7;13.68;4.28;56.31
182.9;167.2;8.39;4.81;35.59
238.6;138.4;11.77;4.46;45.02
204.4;122.4;8.49;5.18;63.86
232.2;155.3;14.54;4.36;52.72
226.9;143.9;13.36;1.83;17.54
214.0;178.4;12.61;2.08;12.18
224.3;152.7;13.77;4.48;39.42
232.7;136.5;12.53;2.87;23.05
204.2;162.6;14.78;1.9;10.67
199.6;136.3;13.0;3.65;18.0
220.1;174.3;14.47;4.27;34.29
228.5;142.5;11.62;3.14;23.16
225.7;153.0;8.82;5.1;69.15
227.9;123.0;11.7;4.72;41.14
206.1;145.6;8.89;3.16;20.75
229.1;169.9;12.15;5.27;56.0
187.2;168.3;11.38;4.74;33.83
212.7;133.5;12.36;4.69;33.96
180.3;133.6;8.07;4.27;25.37
199.5;169.0;9.36;1.56;6.88
202.0;175.8;11.44;4.98;45.27
203.8;125.7;14.65;3.38;14.22
221.7;147.0;10.69;6.21;109.56
203.3;140.2;10.97;5.59;61.63
206.9;172.2;13.0;4.44;43.06
194.3;125.0;12.23;2.76;9.61
202.4;132.7;10.09;2.52;40.43
193.6;165.1;10.88;3.2;17.78
184.4;123.1;9.52;3.88;21.42
216.2;149.6;14.76;2.98;19.74
220.1;146.5;8.91;4.07;40.65
217.2;140.1;10.6;2.33;20.37
207.8;143.7;8.18;6.39;64.99
202.8;151.8;9.55;2.04;8.73
231.8;129.7;13.46;6.16;73.24
211.1;154.3;9.41;6.07;68.51
208.8;168.3;8.56;4.13;32.07
181.5;165.6;11.32;5.12;38.61
200.5;129.2;8.07;3.68;21.73
202.8;129.0;8.59;4.65;40.1
203.9;136.1;13.65;3.2;62.84
214.8;141.7;13.4;3.01;15.63
212.0;144.5;14.41;4.39;31.05
216.5;160.8;13.98;3.99;29.48
225.9;123.4;12.78;4.4;58.86
228.8;122.1;8.37;2.93;23.98
223.1;143.5;13.48;3.33;22.43
237.3;161.8;13.92;1.92;26.86
181.1;131.6;13.59;1.76;0.83
191.7;158.5;11.56;2.77;10.78
180.5;135.6;9.63;1.87;2.87
218.8;173.2;13.92;2.02;56.77
233.9;173.7;13.09;5.56;65.7
194.6;137.8;14.87;1.69;3.63
235.6;133.8;9.09;4.79;49.07
183.6;144.7;9.58;2.86;15.18
236.1;134.4;9.48;5.86;68.94
201.1;160.3;13.55;3.92;27.74
186.1;169.6;9.31;3.03;18.18
209.2;160.4;8.47;4.09;41.35
195.4;169.5;14.99;3.41;19.52
197.1;143.8;8.17;4.32;28.53
198.4;129.4;13.85;2.07;3.48
228.2;164.3;10.56;6.48;74.01
212.3;141.6;13.89;3.63;89.61
198.7;160.3;11.88;3.24;27.7
216.6;136.2;14.31;5.05;40.4
223.0;124.9;14.48;3.32;21.18
196.4;179.6;8.06;5.67;52.7
204.8;129.4;8.53;3.77;54.66
187.3;179.3;9.75;5.1;40.7
190.9;178.6;12.69;2.04;10.28
220.9;167.6;14.22;5.73;58.09
190.9;159.6;11.22;5.18;50.64
211.5;154.7;12.25;2.56;14.97
222.5;172.0;9.32;2.23;17.26
186.4;137.4;13.63;3.08;11.65
214.0;148.1;14.77;6.38;63.05
195.4;157.2;9.88;2.78;15.33
237.8;144.7;11.46;3.78;63.4
209.0;145.6;8.6;1.65;6.8
228.4;139.8;11.91;3.49;26.95
213.0;153.9;11.52;4.36;32.99
182.6;171.0;9.01;6.27;61.39
218.0;132.1;11.09;4.08;37.97
237.1;176.1;10.34;5.6;66.25
216.1;161.3;11.65;4.24;37.93
229.2;169.4;12.1;1.7;16.62
233.1;153.4;8.06;3.08;32.25
193.7;166.8;13.33;4.38;38.36
192.7;121.0;12.99;6.25;54.17
216.7;169.1;10.56;5.8;67.45
204.7;122.4;8.37;2.64;13.16
230.4;173.4;13.28;2.6;37.47
234.0;179.5;14.69;2.51;25.06
201.2;137.6;9.68;6.11;61.1
194.2;132.6;10.26;5.76;50.09
226.8;165.9;9.29;5.37;57.12
196.5;135.2;12.04;3.46;19.75
229.4;171.9;9.08;4.02;44.52
205.4;126.2;10.49;3.82;21.02
220.1;127.6;12.88;2.77;42.34
185.7;178.7;11.92;4.03;24.59
217.4;160.4;10.71;1.65;10.98
207.1;170.8;10.94;2.16;13.16
215.2;139.5;11.93;5.93;61.14
190.1;160.6;8.04;5.26;77.34
224.2;155.7;8.55;3.61;28.86
231.8;156.2;14.17;4.09;36.52
193.0;161.0;8.55;3.35;17.64
185.7;154.5;12.95;5.2;41.25
181.4;145.7;14.44;5.42;44.43
218.5;136.6;9.89;5.32;82.62
216.4;166.1;10.59;5.11;49.14
212.8;133.6;11.98;2.52;26.19
193.9;161.5;14.17;3.19;21.27
203.5;134.0;14.59;3.85;20.81
215.7;157.5;13.18;3.15;18.85
209.8;164.8;8.61;5.27;51.37
239.3;133.1;12.68;3.15;27.74
188.2;123.6;10.87;2.19;25.63
221.7;127.9;11.29;3.5;24.76
204.3;156.4;8.34;6.4;83.78
205.7;171.0;9.34;2.63;15.71
223.1;122.7;13.53;4.56;38.94
221.5;164.0;11.18;3.66;32.14
239.5;140.5;10.11;1.86;22.94
187.7;148.7;10.69;3.94;22.84
186.2;175.7;13.98;5.01;42.42
223.5;139.9;13.24;4.07;30.44
214.7;147.9;9.91;5.86;55.92
196.4;120.8;8.82;2.94;31.45
184.8;124.9;9.76;1.93;11.2
185.1;135.5;14.45;6.18;55.47
233.7;121.7;12.07;3.39;66.13
191.5;157.9;11.73;4.38;29.61
199.4;145.6;12.17;5.46;67.22
193.6;152.9;10.56;3.12;17.87
201.3;130.5;13.65;5.08;35.93
184.2;137.8;11.66;2.18;56.23
211.1;159.8;8.82;2.96;32.21
184.1;177.9;8.9;2.22;11.61
228.0;123.0;11.76;5.56;62.14
194.0;173.4;14.56;2.61;11.1
212.4;154.6;10.16;5.09;53.96
232.8;153.8;14.09;6.22;68.34
219.1;150.0;13.35;4.14;30.37
212.0;124.2;9.73;4.2;41.55
199.5;125.4;8.25;3.81;22.31
200.0;156.1;8.71;3.13;20.47
220.2;140.5;13.1;3.88;26.57
239.6;175.0;9.4;4.51;102.24
219.7;144.4;10.6;6.43;86.84
213.5;128.6;11.51;6.19;60.61
223.8;162.9;13.08;5.81;59.82
207.9;137.6;8.79;5.95;69.84
183.6;151.5;10.84;3.84;84.86
213.7;161.9;11.4;4.79;52.44
237.5;174.0;11.79;5.98;155.86
190.5;167.5;13.73;3.46;17.28
221.4;160.6;9.2;6.31;68.7
192.1;160.8;13.65;3.58;17.75
212.1;176.8;12.85;4.51;41.31
185.8;137.7;11.89;5.05;38.56
207.0;120.1;12.9;6.25;58.5
225.4;136.3;10.88;2.72;28.78
200.9;133.1;8.97;5.23;61.12
219.9;159.7;12.66;4.1;31.2
227.7;158.0;11.67;2.84;22.83
235.6;155.6;12.48;5.38;67.62
194.1;121.0;10.37;4.26;24.79
204.0;163.7;14.35;4.8;35.7
189.1;139.4;12.11;3.11;26.15
239.5;159.9;8.6;3.91;40.79
235.6;153.4;11.15;4.59;46.9
212.4;140.6;13.29;3.52;24.73
230.5;128.1;13.56;2.49;17.51
211.3;125.7;11.46;6.31;70.16
217.4;169.9;14.26;4.06;30.96
185.3;175.1;9.87;5.17;68.27
225.3;159.0;10.87;3.56;30.44
187.7;126.2;14.29;3.28;18.95
229.6;144.1;14.27;3.54;36.48
226.9;163.7;12.8;3.55;29.14
222.5;166.8;14.01;4.22;33.59
182.2;127.1;8.62;4.22;28.81
198.2;120.0;14.05;3.99;22.16
195.8;162.7;10.24;2.17;15.13
201.6;141.4;9.25;3.98;25.98
185.3;135.3;9.68;2.35;6.82
236.2;120.8;10.93;2.13;84.77
213.2;152.4;9.76;6.16;61.23
198.3;171.1;10.24;4.52;42.36
203.8;177.5;8.94;4.8;40.04
206.8;153.9;10.07;3.51;22.43
216.0;150.9;12.01;6.04;60.45
210.9;125.1;11.09;4.69;33.73
235.2;152.9;10.43;5.35;63.98
209.8;142.8;13.23;3.34;43.61
239.5;156.4;14.25;6.3;80.49
231.1;143.3;13.3;5.6;59.69
192.5;134.4;10.32;5.77;47.75
235.8;125.7;13.21;2.36;25.12
187.0;138.9;9.06;2.85;94.14
229.0;125.8;8.91;2.93;22.89
202.8;130.6;10.42;2.85;12.57
232.7;179.2;13.65;5.78;64.46
232.1;146.6;9.72;1.66;17.09
228.4;151.9;8.44;1.88;16.02
227.4;172.4;8.92;2.87;30.46
198.3;179.7;14.01;2.5;10.94
184.9;155.0;12.44;2.66;8.3
204.2;168.7;9.77;5.49;58.39
190.4;139.6;11.89;4.32;25.15
221.7;138.3;11.69;1.53;10.18
200.8;144.2;12.59;3.65;48.18
238.5;160.4;9.63;3.54;35.54
218.5;160.9;14.05;2.07;11.22
229.3;138.9;10.17;4.88;49.69
188.0;128.0;12.86;5.01;50.96
231.7;157.9;8.11;5.1;52.51
235.4;127.7;10.61;5.14;56.58
209.2;154.7;10.46;1.5;13.82
216.4;161.6;11.8;6.27;63.99
225.9;162.0;8.51;5.57;68.03
190.5;165.2;13.53;6.02;65.03
210.2;172.4;9.52;1.58;10.84
203.9;150.0;12.74;6.17;78.31
188.8;163.8;13.62;5.55;62.4
202.1;157.2;11.93;5.69;52.55
184.1;131.2;13.19;1.97;2.1
181.5;121.5;12.63;5.19;35.09
188.1;137.1;10.49;6.3;59.46
237.8;146.6;13.66;4.89;56.24
213.0;157.0;10.06;4.35;34.57
237.9;171.0;12.0;6.23;74.2
205.9;131.8;13.22;3.71;40.9
198.7;127.5;10.65;4.5;31.92
210.4;177.8;10.12;3.88;29.81
206.4;126.5;11.22;6.16;67.52
186.3;148.7;13.73;1.88;34.2
218.4;155.1;14.51;4.01;27.77
193.0;152.5;11.82;4.93;41.08
217.2;125.2;12.63;5.46;46.21
219.0;123.4;14.32;4.42;37.05
189.1;126.3;8.69;6.04;55.53
183.7;155.1;9.62;6.21;65.23
226.8;152.7;12.96;1.82;14.3
207.6;134.0;13.77;3.51;17.02
183.5;158.3;14.0;1.62;2.5
239.7;169.2;10.91;3.15;38.25
183.5;122.5;8.63;4.18;37.49
221.7;149.9;11.06;6.05;61.7
239.0;161.4;9.62;5.73;81.54
194.4;135.1;10.04;2.14;5.63
188.5;138.5;13.41;1.97;7.02
187.3;156.8;8.53;4.45;30.88
198.2;173.9;13.79;4.16;30.48
186.1;168.6;10.99;2.83;24.23
221.5;155.0;12.17;6.0;60.51
183.7;163.8;8.63;6.14;57.83
210.6;141.9;10.36;3.51;24.57
239.8;158.5;8.63;5.95;192.34
228.8;148.0;14.73;3.42;25.81
216.9;131.4;13.65;5.18;112.26
198.4;162.1;11.22;3.88;90.0
217.4;153.4;9.57;2.11;15.13
211.6;141.5;14.53;6.14;58.55
205.6;174.7;10.41;3.77;26.03
187.8;121.3;9.13;5.17;39.0
233.2;138.9;11.94;3.34;27.17
207.0;123.4;14.61;1.59;3.45
191.7;166.0;8.03;2.0;38.64
202.1;162.1;9.67;3.98;26.91
204.8;139.9;14.57;4.95;36.86
229.7;160.5;9.2;3.17;27.15
224.0;143.8;8.79;4.98;50.65
226.2;165.4;11.99;4.99;51.53
180.7;147.3;14.03;5.02;37.16
205.0;144.7;11.34;3.96;25.87
208.9;176.1;14.96;6.07;59.79
181.2;135.1;12.75;3.95;25.54
195.6;127.2;8.52;3.75;21.97
225.6;155.1;14.95;2.5;21.11
188.2;178.2;10.86;3.04;19.16
212.1;142.7;10.01;1.71;24.72
192.9;123.7;11.91;4.67;37.1
180.7;140.4;10.13;2.74;12.69
194.5;150.4;8.61;3.02;45.85
238.6;129.7;8.01;5.35;63.34
228.1;159.5;11.15;3.14;48.2
237.6;179.9;13.86;2.71;34.91
209.3;147.1;12.01;2.35;9.45
186.6;141.3;14.99;5.37;61.68
212.9;144.0;10.01;2.15;13.8
207.3;126.9;9.96;3.77;23.8
230.7;173.0;9.12;4.03;43.05
185.9;144.9;9.15;4.94;36.63
209.3;143.2;10.0;4.67;38.95
189.0;159.6;13.55;5.55;45.22
199.5;146.5;14.34;1.72;24.29
224.2;158.9;14.83;2.98;22.4
208.6;123.7;9.63;2.9;14.13
202.6;168.8;14.17;2.23;8.63
203.7;176.4;10.3;2.95;21.28
207.6;158.9;8.79;3.05;21.64
227.1;177.3;14.09;4.11;41.05
233.5;129.1;12.45;4.82;44.55
237.3;148.6;9.15;3.41;32.41
227.2;156.1;11.01;5.1;56.71
198.9;154.9;10.01;3.18;46.24
221.3;144.1;13.16;2.95;18.13
206.3;140.3;11.17;4.21;62.45
195.3;127.6;14.92;1.62;3.48
230.5;143.5;8.38;1.9;19.58
182.3;129.8;10.49;3.59;16.92
234.1;164.1;11.37;6.21;71.7
207.7;132.5;11.52;5.11;53.06
218.2;123.5;10.21;1.94;9.24
219.6;153.1;13.1;5.73;54.89
233.7;155.7;14.12;5.16;65.59
218.2;172.3;14.57;4.55;36.56
216.8;154.6;13.64;5.6;50.83
184.0;140.7;13.95;3.52;17.0
211.1;168.2;11.85;2.61;19.08
189.0;152.4;13.78;4.06;28.35
224.2;124.8;10.12;4.24;34.33
210.7;154.0;10.79;4.19;176.83
220.8;174.5;10.22;4.33;39.09
182.5;143.8;11.27;6.24;57.59
185.1;137.8;10.0;6.01;52.11
223.0;128.6;14.73;5.88;58.57
184.3;129.1;10.19;5.51;49.75
184.3;146.0;8.69;6.22;76.52
180.7;155.7;11.69;1.99;4.04
237.4;124.8;8.4;2.83;27.02
224.3;176.4;8.77;3.98;41.23
201.2;165.3;9.54;5.73;59.31
197.8;155.2;11.25;4.03;27.14
201.0;169.7;11.03;5.24;50.34
226.5;124.8;13.6;2.19;12.7
219.7;148.6;13.18;2.76;49.95
191.1;157.8;10.98;5.16;53.54
190.4;169.7;10.34;2.32;8.89
185.9;167.0;10.22;3.26;16.34
219.6;136.6;13.42;2.82;15.46
225.9;176.5;8.36;3.25;37.0
195.9;127.5;8.09;5.04;36.58
181.3;172.5;13.57;3.34;17.22
184.9;178.3;11.34;4.28;34.27
238.1;130.6;8.92;2.0;22.47
197.7;163.3;9.65;5.53;51.76
226.2;122.4;14.53;3.35;21.13
217.5;144.3;14.02;4.74;44.29
202.9;151.0;12.97;5.13;39.99
192.3;154.8;11.38;2.55;10.34
187.3;176.2;11.64;5.92;57.43
216.9;160.3;14.83;4.58;38.78
226.5;148.9;14.76;3.64;29.66
218.6;168.6;9.51;2.41;17.37
211.8;177.0;13.68;6.21;63.92
182.5;121.3;9.38;5.28;40.55
238.1;179.0;9.49;2.54;28.13
227.9;125.2;12.73;3.19;22.54
197.6;168.9;10.84;5.55;53.13
238.8;136.8;14.52;4.98;49.37
216.1;127.9;8.62;5.33;64.42
214.9;146.4;11.58;3.71;45.85
224.9;158.6;14.43;5.08;45.98
228.7;142.9;14.33;3.43;50.1
219.4;123.3;9.1;2.56;16.02
187.7;156.0;10.57;4.66;37.45
200.3;174.1;12.33;6.38;63.94
235.7;143.0;9.12;3.05;40.48
193.5;133.0;14.78;3.8;22.64
202.3;146.6;14.4;4.87;34.5
205.9;122.9;9.17;4.21;26.2
206.4;169.2;8.85;5.72;53.37
216.8;169.6;8.6;5.31;54.1
236.6;155.3;14.37;1.79;25.0
194.4;141.2;9.36;6.49;70.52
187.3;168.0;10.91;5.26;43.92
191.8;153.3;11.14;5.82;49.84
233.2;169.6;12.19;4.76;48.14
218.7;157.9;8.5;5.78;75.88
197.2;167.1;9.59;2.06;9.37
229.0;155.9;14.52;3.24;28.17
231.7;144.8;14.36;5.88;61.22
230.8;177.5;13.47;2.51;26.85
235.1;152.5;8.14;1.89;21.41
195.1;156.3;10.29;5.44;59.99
225.3;133.2;12.4;5.68;64.33
207.6;157.5;9.93;2.31;12.21
230.5;154.3;14.37;5.77;61.72
223.7;131.1;12.44;4.93;42.41
226.6;123.6;8.5;4.1;32.57
219.4;156.3;14.36;5.65;53.02
190.6;165.8;14.7;3.6;21.67
212.7;151.4;8.54;2.47;18.77
239.1;133.6;11.73;2.92;29.93
236.2;160.0;10.12;4.03;41.18
182.6;124.8;10.75;4.16;34.51
189.9;146.5;9.26;5.53;48.0
187.9;129.8;12.05;5.46;49.47
223.6;131.1;14.71;4.41;32.6
229.1;132.1;11.52;5.4;51.3
192.8;143.2;8.58;2.46;13.0
210.4;123.1;12.34;1.75;3.73
230.4;143.9;10.38;5.87;63.99
224.0;150.7;13.99;1.88;13.14
212.5;149.0;11.04;2.73;49.79
215.4;143.0;9.35;4.98;47.09
210.5;170.3;9.34;3.55;28.15
197.9;128.7;13.38;5.88;59.32
213.9;150.3;9.86;2.99;23.03
221.3;123.7;13.37;1.56;7.55
232.4;124.3;9.44;3.0;39.53
218.2;154.4;10.25;4.39;35.15
225.7;154.0;11.26;3.38;30.72
189.6;172.7;14.6;4.17;24.89
207.7;153.5;14.52;5.88;56.34
180.6;177.6;9.45;6.06;60.6
194.8;122.9;10.51;2.83;49.19
223.6;125.9;9.05;3.81;27.66
239.5;122.6;11.57;4.25;40.57
186.0;131.1;11.22;6.25;65.59
204.1;152.5;14.31;6.49;67.73
228.0;158.7;14.51;2.68;23.24
192.2;122.7;10.68;5.13;36.02
213.3;176.8;11.44;3.39;24.11
224.0;170.5;14.27;1.54;32.64
217.0;137.8;13.65;1.55;8.45
191.3;124.6;8.03;3.8;24.61
201.3;130.2;10.24;3.94;24.27
227.0;127.6;10.95;1.61;10.81
213.3;127.4;9.61;4.93;51.46
180.3;151.1;9.4;2.97;18.71
225.7;134.8;8.26;4.3;140.97
182.1;141.5;12.5;3.0;10.18
224.7;179.4;9.84;2.34;30.61
192.1;161.1;8.37;3.54;19.88
237.5;176.9;9.62;2.66;32.24
202.1;128.6;13.61;4.17;36.98
199.6;142.9;13.96;2.49;6.72
188.9;153.3;11.38;4.04;24.99
198.3;124.6;10.91;2.29;5.96
232.6;120.3;14.84;4.85;42.95
239.8;160.2;9.4;5.27;64.76
202.1;158.5;9.51;2.05;25.69
206.9;144.6;10.04;3.84;25.89
223.3;149.4;9.21;1.85;17.39
233.2;144.9;10.66;4.49;45.49
215.6;121.4;14.38;2.82;14.56
203.5;140.1;12.31;4.14;24.95
204.8;130.6;10.88;4.09;41.25
221.7;125.9;14.54;6.12;63.41
180.2;177.4;8.34;4.25;34.61
217.2;156.0;9.47;4.41;36.0
201.3;163.7;11.96;3.51;20.8
227.7;138.9;12.31;6.25;68.15
185.6;143.6;8.28;5.39;42.22
215.3;134.2;10.82;2.93;15.35
208.9;125.8;12.54;5.72;48.92
218.5;130.7;12.89;3.66;29.44
183.9;167.9;12.47;5.64;47.64
214.8;160.7;10.24;5.61;53.0
213.7;152.8;8.65;2.44;14.57
213.6;148.5;10.99;5.01;42.28
216.2;175.3;8.9;2.95;22.67
220.6;124.4;14.63;2.99;100.22
228.3;136.8;11.33;2.98;37.17
196.2;141.0;10.22;5.13;53.18
229.5;166.9;13.36;2.65;39.95
209.9;179.6;11.49;1.5;8.82
184.6;134.4;10.17;5.08;35.65
183.5;172.5;13.68;2.36;7.42
200.1;169.8;14.07;2.02;30.67
227.1;133.5;12.71;2.69;18.38
222.5;144.0;8.33;3.4;25.09
227.3;144.6;11.96;3.88;31.99
211.0;178.7;13.34;1.72;10.79
206.4;130.9;8.96;6.35;65.6
188.8;167.9;9.6;5.08;43.94
199.7;140.1;14.18;3.12;12.38
206.0;163.9;8.14;3.09;27.35
185.3;145.2;13.27;3.74;18.31
193.2;154.7;11.32;4.63;33.49
215.9;170.0;11.13;2.23;22.65
224.1;168.2;8.05;2.44;20.77
239.9;172.0;13.74;5.8;68.1
236.0;123.6;10.52;2.78;30.44
218.6;161.5;11.79;3.4;23.96
205.3;128.4;12.74;5.86;50.97
218.2;144.9;12.92;4.82;45.75
227.1;152.9;14.69;3.21;94.82
187.1;144.2;11.72;4.92;41.33
204.6;151.2;10.8;1.6;11.32
230.4;179.8;14.68;5.18;58.92
203.0;128.1;12.49;3.94;21.11
214.3;160.5;10.09;5.57;55.31
215.3;143.8;8.89;6.27;66.36
191.1;128.0;13.9;6.13;56.19
201.7;129.5;10.54;6.05;56.84
200.1;177.0;12.62;4.06;32.0
181.6;172.8;11.3;3.3;18.07
181.5;174.4;9.39;3.83;26.33
229.9;179.5;12.21;4.95;49.57
196.4;132.5;8.42;5.92;53.0
211.1;141.3;10.89;2.53;37.9
197.9;160.2;11.83;6.09;60.71
236.4;149.0;11.05;5.58;63.16
195.6;145.1;13.24;6.39;115.5
205.8;141.5;13.8;5.9;51.24
232.4;155.6;13.4;2.9;23.81
230.5;154.5;8.27;2.03;61.6
191.2;129.7;9.36;2.06;6.84
228.2;148.3;11.76;2.96;23.96
207.5;153.2;14.54;4.57;31.72
209.0;154.2;13.84;5.52;52.93
188.0;132.6;13.9;6.0;56.08
184.8;164.5;10.12;4.62;32.15
223.7;121.5;11.01;1.53;10.38
209.8;141.3;11.29;2.43;11.79
206.2;166.8;9.1;2.0;14.43
223.8;153.8;8.22;3.32;25.97
225.9;135.7;14.63;4.01;50.6
189.5;161.7;9.68;1.72;17.32
216.6;154.0;9.68;3.24;22.96
188.1;167.8;8.58;2.4;11.83
225.1;164.1;14.5;4.74;43.66
219.4;156.6;12.06;3.82;28.34
237.4;149.3;12.67;3.98;38.49
184.1;128.0;14.38;3.64;15.77
183.4;135.7;10.42;6.28;92.89
196.9;145.1;12.35;2.57;21.44
195.7;156.0;8.27;4.08;39.19
194.8;150.8;9.31;5.18;45.56
234.4;137.3;13.82;4.28;37.76
195.0;120.4;13.37;6.15;54.24
196.3;149.8;10.45;3.39;30.55
225.6;137.1;10.64;3.82;29.15
207.0;164.1;11.73;1.94;16.47
226.6;121.4;8.0;4.54;146.18
183.9;155.1;9.69;2.94;28.04
209.3;176.5;9.46;2.3;40.83
182.0;130.5;9.75;4.22;27.54
183.8;148.3;13.64;4.16;36.24
234.4;125.5;9.96;1.88;16.79
188.4;157.5;9.34;4.99;47.75
211.9;153.0;11.53;4.62;43.5
204.7;144.4;14.06;2.45;12.55
200.8;151.3;9.69;3.85;46.56
234.0;173.8;8.55;5.1;56.2
181.3;131.8;10.49;4.15;24.25
219.8;121.4;13.23;3.48;23.42
237.8;171.7;11.85;3.11;31.18
213.6;154.6;13.72;4.55;38.0
236.2;173.4;14.72;6.2;71.61
183.1;155.8;13.55;4.86;48.23
205.1;168.6;12.23;1.87;10.73
195.6;145.8;11.45;3.8;21.29
223.8;165.0;8.28;5.95;64.1
238.9;174.8;14.89;1.97;23.54
195.4;154.3;10.68;6.44;70.89
219.3;130.8;9.07;6.25;70.31
191.9;136.1;12.67;1.89;2.5
213.9;131.9;9.99;6.17;59.93
207.8;134.8;12.1;3.32;24.69
238.3;138.4;12.11;5.72;63.05
216.5;153.3;11.12;3.59;27.42
201.0;155.3;13.85;3.7;23.38
186.8;145.6;9.85;4.67;35.9
189.1;156.9;11.14;5.37;53.86
193.5;124.9;11.76;1.67;0.2
195.1;125.3;12.65;4.47;25.44
231.0;130.3;13.49;2.43;17.61
213.7;151.1;10.76;3.23;68.56
211.4;132.8;12.52;3.24;84.64
186.9;137.0;9.05;3.85;71.36
231.6;144.0;14.53;3.17;26.02
223.4;168.7;10.68;2.04;15.39
184.1;120.8;13.11;2.23;1.16
222.5;159.0;8.14;1.67;14.33
212.6;160.1;9.44;3.85;29.33
184.9;167.9;11.41;6.27;81.58
207.5;176.0;14.15;2.08;20.99
209.1;121.2;11.69;6.23;61.42
189.9;129.2;14.51;5.17;35.08
236.7;173.2;11.39;4.69;49.47
231.0;147.5;11.43;4.73;48.41
220.1;153.9;8.84;5.63;64.08
207.7;159.8;13.62;2.03;13.2
204.7;160.7;9.73;4.02;27.25
219.1;175.9;14.3;4.99;52.16
212.7;179.8;14.38;4.43;39.93
183.7;163.2;14.6;5.66;45.88
210.8;137.2;11.64;1.86;6.85
228.4;172.8;12.74;4.95;56.75
207.6;123.0;13.45;4.17;25.79
183.1;133.9;8.92;3.4;50.28
227.2;173.8;12.21;3.2;32.82
192.1;135.4;8.24;4.6;31.54
195.5;133.2;11.48;5.95;53.25
189.9;128.3;9.08;3.98;24.2
199.8;171.5;9.28;5.62;51.03
225.4;150.0;10.56;3.51;27.36
211.2;160.5;11.03;2.01;18.97
192.3;134.3;12.36;1.81;12.71
232.7;165.5;8.52;1.76;27.0
232.8;165.6;11.53;3.4;62.3
232.2;138.8;9.28;3.19;27.58
194.3;144.6;12.02;5.09;77.25
207.1;132.6;12.46;5.21;40.33
239.1;178.6;11.9;1.75;22.72
226.3;158.7;13.17;2.61;18.44
181.6;176.1;10.35;2.87;14.51
183.9;138.2;13.36;4.24;23.72
207.8;166.9;11.03;2.22;17.77
234.6;166.0;11.39;2.17;25.63
212.3;161.5;12.54;6.22;61.67
209.9;177.9;8.13;5.52;53.75
186.3;143.6;12.58;2.4;6.84
219.4;127.8;12.33;3.53;21.34
229.3;160.3;10.17;3.28;27.99
202.8;163.8;8.6;5.46;48.36
226.5;154.5;8.64;4.05;63.09
237.9;132.4;14.46;2.14;22.04
192.2;150.3;12.82;5.19;46.81
211.4;138.7;8.89;3.48;20.92
197.2;145.6;10.5;2.81;30.6
227.6;158.7;12.15;3.38;49.6
214.7;164.7;13.85;3.99;27.58
218.1;133.9;8.31;3.22;21.15
227.9;144.3;9.66;2.71;27.06
203.8;136.1;14.23;3.49;24.35
234.9;131.9;8.06;1.6;17.25
212.0;167.0;9.41;5.36;50.34
189.5;174.6;14.71;2.35;8.22
221.8;142.2;12.29;1.72;13.14
227.6;165.1;9.83;4.77;65.03
199.0;173.8;8.47;5.37;47.25
231.4;170.8;8.2;5.57;75.62
234.4;131.0;9.71;3.97;35.66
196.6;177.4;14.17;2.53;10.54
239.0;142.6;10.91;5.19;65.9
188.4;140.4;13.04;5.0;46.58
192.1;123.7;14.43;2.73;16.99
191.1;149.2;10.86;6.02;52.87
233.6;126.5;9.34;2.02;18.15
219.3;134.9;11.62;6.41;76.5
189.1;139.0;14.36;5.8;49.15
206.4;168.5;13.63;4.94;38.79
216.9;172.5;8.46;6.19;71.98
185.0;138.1;12.85;5.11;35.84
232.9;171.5;12.0;2.45;71.19
228.2;171.4;14.35;3.71;63.94
210.3;165.9;8.86;1.86;18.15
238.0;128.8;11.74;3.45;55.26
205.1;161.4;14.16;5.21;44.55
239.0;176.7;10.87;3.43;45.8
220.1;161.0;11.37;3.15;51.8
218.1;139.9;8.49;4.48;39.85
190.0;150.0;9.95;5.86;52.32
232.9;158.7;10.27;1.74;17.53
205.6;150.6;14.62;3.43;19.6
189.7;127.2;9.98;2.29;15.5
180.8;138.7;11.23;4.98;47.13
213.6;168.1;12.7;2.03;17.35
211.6;171.7;9.14;4.82;41.99
223.2;128.2;11.41;2.93;17.49
233.4;177.1;13.17;2.49;24.31
184.8;139.7;14.07;6.18;54.48
223.9;159.7;12.38;1.59;13.29
191.2;165.1;12.68;3.69;27.61
231.5;168.7;8.88;1.61;82.83
229.1;176.7;14.62;3.92;37.46
212.4;138.8;8.93;4.01;29.14
222.6;171.5;13.42;3.11;24.26
198.9;127.9;9.85;2.16;8.65
208.3;162.3;14.54;3.38;19.07
229.3;164.5;13.04;4.86;49.51
207.6;160.7;13.28;5.41;51.69
201.5;135.1;9.53;4.15;29.48
209.7;172.4;11.1;4.45;40.37
229.7;130.1;12.32;2.5;22.96
200.1;123.2;13.39;2.94;8.82
190.4;163.0;8.73;2.31;17.12
222.7;148.5;14.74;2.75;17.14
229.6;170.9;14.23;2.62;21.23
186.0;143.0;9.89;4.1;23.35
194.4;130.1;13.76;4.31;29.44
188.5;170.2;11.63;6.22;60.07
200.9;152.9;11.23;2.48;9.33
207.0;131.4;10.2;4.71;39.74
224.9;163.2;12.07;5.59;55.58
219.1;150.7;13.11;4.3;35.99
217.3;156.3;10.88;2.78;21.43
201.1;147.7;12.4;2.81;23.2
230.5;169.7;12.9;1.7;63.65
208.3;169.8;12.98;3.03;16.66
238.7;162.6;8.36;5.22;61.32
218.0;126.3;14.02;1.74;7.58
187.6;170.3;11.21;2.6;16.19
220.6;160.3;9.84;5.03;49.89
199.5;161.8;9.69;5.41;47.15
221.2;141.8;11.38;3.78;28.07
184.2;172.8;14.21;4.99;36.24
190.5;163.5;10.65;3.44;31.94
231.3;126.8;13.25;2.3;21.78
193.6;144.5;8.68;3.49;30.47
230.2;173.2;11.33;4.4;43.39
196.8;122.8;14.94;6.24;53.87
218.6;177.7;13.39;1.84;12.27
221.6;160.7;9.47;4.04;38.15
210.8;157.9;11.51;3.14;18.29
198.3;136.2;9.64;4.04;76.13
192.8;134.9;10.87;1.62;1.28
182.0;176.5;13.46;3.07;18.04
198.2;137.9;13.4;5.6;78.61
219.2;166.5;9.6;4.27;43.03
236.3;143.6;14.46;3.75;36.43
232.3;128.4;12.15;2.93;22.06
226.0;120.6;10.66;2.99;19.13
227.3;152.7;11.51;3.42;36.74
219.9;178.5;12.24;5.68;87.85
195.6;142.1;11.92;6.34;59.41
234.4;141.4;11.4;3.69;32.32
220.2;140.6;11.53;3.47;22.51
213.6;151.2;9.23;5.73;54.22
186.7;146.4;13.69;3.63;18.64
206.8;172.8;11.79;4.26;66.75
207.6;150.3;8.92;2.65;22.07
231.9;150.5;13.36;5.22;55.9
212.8;128.3;14.53;4.16;26.72
202.8;179.0;14.63;5.55;48.69
238.6;135.0;10.58;5.4;84.53
186.6;124.4;8.95;2.58;10.62
205.4;159.8;11.63;5.08;40.2
182.5;155.7;8.79;5.5;45.8
224.4;144.9;14.54;3.23;21.65
235.1;145.3;9.29;2.36;22.9
196.8;167.1;9.77;1.51;12.4
231.5;131.7;10.85;3.75;32.98
197.5;169.2;10.68;3.26;20.04
234.6;158.9;13.56;4.27;63.26
225.2;145.1;11.19;2.44;17.25
228.3;147.5;9.2;5.8;114.64
181.1;135.4;9.87;2.79;9.49
237.8;165.1;11.56;2.63;29.6
223.6;150.8;9.03;3.9;33.1
198.3;139.3;12.28;3.99;25.38
229.8;155.8;11.96;2.58;26.4
196.9;179.7;13.0;2.86;19.53
232.4;146.1;14.56;2.35;18.39
186.8;175.2;14.39;5.09;38.07
222.2;140.7;14.62;5.35;188.46
212.4;123.3;9.71;3.81;24.13
185.8;132.3;8.92;5.07;44.97
194.5;145.1;10.12;5.18;39.05
180.7;133.2;14.27;2.19;3.57
208.1;120.0;14.8;6.33;59.42
198.1;174.9;14.02;5.61;53.99
215.9;170.6;8.77;2.52;16.72
197.8;164.5;14.63;2.43;11.85
198.0;130.1;10.96;2.13;4.53
224.6;127.2;8.07;2.19;19.24
182.9;124.1;11.1;5.24;36.8
234.2;163.4;8.32;3.85;37.99
231.1;175.7;11.81;5.41;58.92
220.1;145.8;10.37;5.23;47.16
215.6;127.1;11.31;4.52;33.71
233.5;150.7;12.29;4.93;48.3
191.1;140.9;14.08;1.59;0.0
184.7;142.5;12.63;3.06;25.37
194.4;157.3;11.04;4.69;32.7
227.7;163.1;13.74;1.55;14.94
182.1;126.6;14.34;1.66;7.94
215.0;122.1;8.84;5.76;52.98
239.7;179.7;11.72;4.92;55.21
231.3;134.0;9.99;2.83;26.23
211.3;123.2;8.33;4.94;55.41
183.8;131.4;12.68;5.46;40.2
229.9;122.3;14.04;3.03;22.11
215.9;143.5;9.14;1.68;8.72
186.9;168.1;13.69;6.16;57.04
185.6;140.5;13.97;3.23;14.32
234.6;146.7;14.4;2.03;17.48
220.2;160.5;9.86;3.96;32.37
229.8;150.5;14.33;5.34;51.48
232.7;171.7;10.24;2.61;27.88
214.3;172.0;11.87;2.85;33.49
211.0;120.6;8.35;2.71;12.39
205.8;166.7;8.31;6.46;67.72
199.0;147.6;13.04;2.49;14.38
206.1;179.3;11.11;4.38;52.98
226.4;149.0;9.79;6.13;65.43
216.1;179.2;9.33;2.23;17.84
233.6;165.3;12.69;6.35;78.16
206.6;134.9;8.0;6.24;62.24
216.4;152.3;13.64;5.92;55.75
217.9;179.5;8.55;2.57;25.82
215.5;171.5;9.34;4.67;71.92
222.2;125.8;10.7;5.3;50.28
194.2;162.4;11.39;6.43;62.28
210.7;140.7;10.48;2.4;11.75
186.3;120.4;10.24;5.33;84.95
203.1;144.2;14.75;3.19;26.01
209.3;134.1;12.49;2.38;16.6
219.1;169.1;8.16;3.61;33.67
237.0;140.2;11.01;5.47;58.88
216.0;169.7;14.13;3.82;28.79
224.6;120.0;10.11;4.19;34.16
210.4;138.5;8.66;6.48;72.6
218.0;134.5;13.31;3.5;52.28
184.3;134.0;12.24;4.58;44.56
195.3;124.1;11.99;3.33;12.57
201.7;131.2;8.38;3.46;21.94
208.3;153.3;8.98;4.98;50.06
182.7;137.5;12.36;6.19;61.47
188.4;145.0;9.45;4.21;26.03
196.6;142.6;11.53;5.34;303.42
238.3;172.6;11.81;1.95;22.51
199.9;174.3;9.98;2.56;12.87
208.9;149.6;14.64;4.01;28.66
191.8;139.8;13.9;1.6;79.02
216.6;126.4;13.06;2.76;13.24
196.8;177.2;8.55;4.09;30.15
192.4;123.6;8.74;1.57;17.19
211.0;137.9;11.45;2.82;16.05
180.3;137.9;9.12;4.07;24.09
180.5;139.2;14.85;4.37;30.85
193.1;129.9;9.11;6.13;58.63
182.2;167.0;11.41;4.73;48.1
186.5;127.3;10.55;3.57;37.87
200.3;158.1;12.48;6.15;61.67
228.2;127.4;8.9;5.42;57.17
214.3;124.2;11.01;2.5;14.76
210.8;174.6;9.92;2.15;19.1
197.6;131.4;14.21;4.88;34.9
235.9;169.3;8.28;4.3;47.46
203.8;152.7;14.4;5.45;63.42
185.2;124.7;13.83;5.19;66.43
217.0;177.3;10.08;4.63;39.99
186.8;134.8;13.53;6.43;60.38
200.7;171.6;8.22;4.17;30.43
210.4;130.1;14.77;2.07;6.75
232.5;171.2;11.69;5.64;66.85
209.6;120.8;10.12;2.76;19.89
222.1;150.7;10.54;5.39;53.01
239.6;166.2;8.46;6.29;77.58
187.9;176.1;14.93;4.98;36.5
196.5;174.6;8.28;4.48;45.52
203.7;169.2;12.58;3.8;23.16
205.3;173.3;11.1;3.32;39.25
204.7;132.0;14.64;3.27;20.16
234.5;137.1;9.72;4.68;68.46
222.8;137.3;11.72;5.26;48.96
216.5;142.6;11.38;4.89;39.28
198.6;143.6;12.92;2.49;13.27
229.4;152.7;8.48;3.97;57.35
237.3;129.6;9.36;5.46;70.68
229.3;161.5;9.5;3.88;35.33
180.1;130.1;13.17;4.18;24.45
218.2;138.6;9.32;5.36;49.01
183.1;150.2;12.01;4.81;32.68
195.5;167.8;9.51;3.55;34.01
183.6;164.4;14.03;5.98;51.62
216.2;158.7;14.6;2.31;12.03
221.2;129.3;11.63;6.48;67.18
186.9;152.8;10.47;2.09;5.22
203.0;125.2;9.64;1.57;6.21
207.4;142.6;8.35;5.95;73.9
202.1;144.8;9.88;2.72;13.65
187.3;122.4;12.58;5.15;34.32
205.1;136.4;11.74;5.56;56.93
225.1;177.3;14.61;5.79;100.58
184.3;177.2;10.77;6.46;64.24
184.8;141.1;12.86;2.97;10.65
201.3;122.6;11.43;5.05;42.28
236.5;130.7;11.59;2.08;55.53
220.1;143.5;9.87;3.53;25.72
220.7;176.9;11.18;5.74;58.25
201.7;128.5;11.3;3.34;22.83
215.6;165.8;12.95;4.46;45.24
180.6;126.5;14.58;4.02;20.94
218.2;178.9;10.31;4.73;43.01
234.8;142.9;8.3;6.36;88.67
216.8;166.5;11.47;1.78;17.74
232.4;140.6;11.81;4.37;39.58
223.4;157.7;9.18;5.82;62.91
187.2;131.5;13.32;3.91;18.09
234.1;128.8;14.89;1.89;22.75
184.0;176.3;14.62;4.3;28.41
212.0;175.1;9.38;3.16;22.66
188.5;173.2;14.13;2.27;9.55
180.7;157.5;12.93;5.75;50.33
205.3;168.5;11.18;4.11;40.49
197.7;124.1;11.78;6.17;61.18
209.2;140.1;13.95;5.53;47.79
214.6;138.8;11.36;4.96;49.61
182.6;158.1;10.61;1.53;8.09
187.4;141.4;11.45;3.64;18.3
213.5;128.9;12.05;2.49;12.52
200.6;155.8;9.32;6.05;58.67
223.8;168.9;14.31;2.37;22.83
219.1;142.9;12.72;2.93;18.39
230.7;127.9;12.43;4.08;34.32
221.5;131.8;8.7;2.82;81.0
205.8;134.2;12.23;2.55;21.98
220.4;138.0;8.85;4.5;36.9
196.5;158.6;8.55;1.94;14.44
198.4;156.1;11.69;1.79;8.22
227.3;161.8;10.82;3.36;32.89
206.8;141.8;12.12;5.1;42.85
227.9;169.4;8.62;4.27;59.28
229.3;132.2;11.02;3.61;33.06
231.5;148.1;9.22;4.33;42.57
235.0;168.1;14.91;3.33;44.93
205.9;130.8;11.93;6.18;60.47
199.1;126.6;12.81;1.77;4.79
214.9;173.0;10.28;4.87;47.11
202.3;140.6;8.66;5.96;56.31
216.1;161.0;14.83;5.52;52.25
222.3;121.5;10.0;2.42;14.27
221.3;161.4;10.97;2.98;21.58
202.5;139.0;12.55;5.09;37.68
190.0;123.3;8.17;1.92;2.7
205.8;156.6;13.67;5.56;47.41
188.6;134.4;11.76;5.09;37.42
233.4;143.2;9.95;5.15;55.24
200.8;124.8;8.43;2.0;6.64
189.3;128.8;9.14;5.09;35.68
181.5;137.9;14.27;4.9;65.9
218.7;125.4;12.8;5.65;66.55
218.2;174.6;9.75;1.71;18.75
200.4;120.4;8.46;1.62;59.86
184.3;149.0;12.83;3.37;14.33
204.6;127.4;12.01;2.24;61.65
198.7;138.5;10.83;4.29;26.59
220.6;175.6;10.55;6.09;68.86
216.3;129.7;9.52;3.46;21.24
201.9;177.9;12.69;5.72;54.4
193.1;132.3;14.79;1.5;4.0
239.3;164.5;9.23;2.34;28.27
207.2;152.8;12.18;1.65;14.68
221.3;173.1;10.97;3.14;27.0
188.4;153.2;11.13;6.04;54.37
209.1;152.1;9.78;1.98;9.89
181.7;131.7;13.78;4.53;36.31
210.3;130.0;11.4;3.76;22.32
237.8;175.0;11.8;6.19;86.95
203.1;139.7;10.13;2.11;27.03
182.3;142.3;9.27;2.56;7.73
181.9;165.6;8.6;1.65;22.51
203.3;140.3;13.0;3.67;91.46
189.6;177.1;9.37;2.89;18.85
181.4;164.3;12.83;5.85;57.5
225.4;155.8;10.73;4.52;54.95
207.5;172.9;10.91;4.57;37.14
197.4;123.0;11.28;4.16;26.48
234.0;135.4;10.57;1.96;17.06
187.0;147.9;8.7;3.73;23.58
237.4;133.6;10.17;6.5;83.06
198.8;164.6;12.65;5.68;55.44
233.3;175.2;12.66;5.97;83.22
216.2;145.4;10.0;5.62;52.43
229.6;140.5;11.22;2.02;16.33
239.0;177.7;9.35;2.64;85.97
197.3;146.7;9.47;1.52;5.53
237.7;149.3;8.16;3.02;33.62
203.4;141.1;14.28;2.04;6.97
203.1;174.6;9.47;3.86;26.76
200.4;154.1;9.59;4.89;74.42
212.5;165.7;9.96;5.87;58.1
189.2;168.7;8.89;5.25;42.75
213.2;140.5;12.47;6.19;60.55
212.5;146.0;8.53;1.77;8.48
225.7;170.9;8.94;1.56;15.97
230.0;141.8;12.51;4.81;43.87
206.4;167.6;10.38;2.95;24.47
198.1;176.5;12.96;2.77;13.51
195.6;157.4;11.9;3.15;26.5
191.7;164.5;9.79;2.85;39.46
183.5;168.3;12.56;4.06;34.02
200.5;170.7;8.81;3.7;25.72
196.2;143.7;11.75;4.06;26.66
238.0;123.1;11.06;4.86;47.41
213.5;144.1;9.88;3.44;23.49
200.8;160.4;12.23;2.76;12.41
214.8;147.0;14.1;2.33;19.28
188.4;164.9;14.99;3.25;170.62
206.6;141.4;12.25;5.21;47.29
217.6;158.1;10.83;5.28;47.49
209.3;131.2;9.58;4.83;37.62
204.1;165.0;9.8;2.67;17.19
239.6;152.7;11.36;4.44;48.74
232.8;132.2;10.57;4.35;39.43
217.4;137.5;14.4;3.92;29.41
214.2;164.9;10.58;4.25;32.65
217.2;149.0;10.61;3.96;28.84
192.1;133.0;10.68;4.33;33.52
203.7;178.0;13.86;5.08;41.08
182.4;162.9;12.56;2.05;11.78
208.5;177.4;12.3;5.25;45.4
212.6;145.6;10.34;2.18;56.69
193.7;148.5;13.73;1.83;3.0
237.8;173.9;8.27;6.38;81.42
234.6;151.5;14.1;6.28;75.69
223.3;162.4;11.59;1.8;14.13
212.0;135.1;10.79;3.72;26.07
232.2;146.8;11.48;2.43;27.3
187.8;127.4;12.67;3.93;31.87
227.4;132.4;8.09;5.65;67.22
187.5;120.1;14.1;6.25;54.45
227.7;122.4;11.13;4.67;41.42
196.5;178.6;10.4;3.27;130.65
232.6;134.5;8.97;4.52;55.22
236.6;159.8;11.08;3.06;29.36
188.9;170.3;11.47;6.05;58.44
207.8;153.0;10.83;5.85;55.12
238.9;129.2;12.75;4.29;42.2
209.0;163.7;10.95;3.12;18.27
231.8;156.0;14.73;2.97;24.65
215.3;163.9;12.19;1.67;58.96
202.5;166.2;13.65;5.58;54.93
197.1;178.5;8.77;3.75;24.13
192.2;154.4;10.78;3.13;34.04
225.7;140.5;10.36;3.86;46.64
203.2;158.9;11.99;5.59;49.46
210.7;124.1;14.03;2.12;14.6
209.5;173.8;8.55;5.79;56.64
214.6;127.2;8.51;5.99;57.88
231.9;139.7;13.95;6.23;98.19
238.8;168.9;9.49;3.49;37.91
204.5;155.8;12.68;2.59;10.46
